original order in sheet,IMO number,IMO number [ref],Name,Name [ref],Notes,Other names,Other names [ref],Hull number,Hull number [ref],Status,Researcher,Last updated,Status [ref],Shipowner,Shipowner [ref],Shipowner country/area,Shipowner country/area [ref],Shipbuilder,Shipbuilder [ref],Shipbuilder yard country/area,Shipbuilder yard country/area [ref],Yard location latitude,Yard location longitude,Yard location plus code,Yard location accuracy,Yard location lat/lon [ref],Capacity,Capacity units,Capacity [ref],Cargo type,Cargo type [ref],Vessel type,Vessel type [ref],Propulsion type,Propulsion type [ref],Delivery year,Delivery year [ref],[Original source],Operator/charterer,Operator/charterer [ref],Contract date,Contract date [ref],Price,Price currency,Price [ref],,
1144,1140780,https://www.marinetraffic.org/ship-owner-manager-ism-data/HANWHA-OCEAN-2608/1140780/1,Hanwha Philly SY Philadelphia 2608,http://www.chinashipbuild.com/company.aspx?pklujyukkpp4CcFCB,candidate additions from chatgpt/claude,,,Hull 2608,http://www.chinashipbuild.com/company.aspx?pklujyukkpp4CcFCB,on order,GEM,5/18/2026,http://www.chinashipbuild.com/company.aspx?pklujyukkpp4CcFCB,Hanwha Shipping,http://www.chinashipbuild.com/company.aspx?pklujyukkpp4CcFCB,United States,https://system.new-vessels.com/groupowner-27274671-Hanwha_Shipping_LLC.html,Hanwha Philly SY,http://www.chinashipbuild.com/company.aspx?pklujyukkpp4CcFCB,United States,https://hanwhaphillyshipyard.com/,39.890604,-75.188622,"VRR6+98 Philadelphia, Pennsylvania, USA",exact,"https://www.google.com/maps/place/Hanwha+Philly+Shipyard/@39.8908776,-75.1917701,676m/data=!3m2!1e3!4b1!4m6!3m5!1s0x89c6c59067c94fb3:0x89af0a808bc63b5d!8m2!3d39.8908776!4d-75.1891952!16s%2Fg%2F1tc_0gnr?entry=ttu&g_ep=EgoyMDI1MTIwMi4wIKXMDSoASAFQAw%3D%3D",174000,cbm,http://www.chinashipbuild.com/company.aspx?pklujyukkpp4CcFCB,,,,,,,2028,http://www.chinashipbuild.com/ship.aspx?pklujyukkpp4cJSbganmkhTk8Pl4EN,SFOC/Clarkson - May 2026,,,21-Jul-2025,http://www.chinashipbuild.com/ship.aspx?pklujyukkpp4cJSbganmkhTk8Pl4EN,,,,,
1145,1140792,https://www.marinetraffic.org/vessels/HANWHA-OCEAN-2609/1140792/1/current-position,Hanwha Philly SY Philadelphia 2609,http://www.chinashipbuild.com/company.aspx?pklujyukkpp4CcFCB,candidate additions from chatgpt/claude,,,Hull 2609,http://www.chinashipbuild.com/company.aspx?pklujyukkpp4CcFCB,on order,GEM,5/18/2026,http://www.chinashipbuild.com/company.aspx?pklujyukkpp4CcFCB,Hanwha Shipping,http://www.chinashipbuild.com/company.aspx?pklujyukkpp4CcFCB,United States,https://system.new-vessels.com/groupowner-27274671-Hanwha_Shipping_LLC.html,Hanwha Philly SY,http://www.chinashipbuild.com/company.aspx?pklujyukkpp4CcFCB,United States,https://hanwhaphillyshipyard.com/,39.890604,-75.188622,"VRR6+98 Philadelphia, Pennsylvania, USA",exact,"https://www.google.com/maps/place/Hanwha+Philly+Shipyard/@39.8908776,-75.1917701,676m/data=!3m2!1e3!4b1!4m6!3m5!1s0x89c6c59067c94fb3:0x89af0a808bc63b5d!8m2!3d39.8908776!4d-75.1891952!16s%2Fg%2F1tc_0gnr?entry=ttu&g_ep=EgoyMDI1MTIwMi4wIKXMDSoASAFQAw%3D%3D",174000,cbm,http://www.chinashipbuild.com/company.aspx?pklujyukkpp4CcFCB,,,,,,,2028,http://www.chinashipbuild.com/ship.aspx?pklujyukkpp4cJXJbanmkhTk8Pl4EN,SFOC/Clarkson - May 2026,,,26-Aug-2025,http://www.chinashipbuild.com/ship.aspx?pklujyukkpp4cJXJbanmkhTk8Pl4EN,,,,,
1146,1148287,https://www.marinetraffic.org/ship-owner-manager-ism-data/HANWHA-OCEAN-2614/1148287/1,Hanwha Ocean Geoje 2614,http://www.chinashipbuild.com/shipyard.aspx?pklujyukkpp4BbcJXanmkhTk8Pl4EN,candidate additions from chatgpt/claude,,,Hull 2614,http://www.chinashipbuild.com/shipyard.aspx?pklujyukkpp4BbcJXanmkhTk8Pl4EN,on order,GEM,5/18/2026,http://www.chinashipbuild.com/shipyard.aspx?pklujyukkpp4BbcJXanmkhTk8Pl4EN,GasLog,http://www.chinashipbuild.com/shipyard.aspx?pklujyukkpp4BbcJXanmkhTk8Pl4EN,Greece,"https://www.gaslogltd.com/contact-us/, https://www.gaslogltd.com/content/uploads/GasLog-Ltd-2022-annual-report-form-20-F.pdf",Hanwha Ocean,http://www.chinashipbuild.com/shipyard.aspx?pklujyukkpp4BbcJXanmkhTk8Pl4EN,South Korea,https://www.hanwha.com/companies/hanwha-ocean.do,34.87385,128.6966,"VMCW+V7 Geoje-si, Gyeongsangnam-do",exact,https://www.google.com/maps/place/Hanwha+Ocean/data=!3m1!1e3!4m10!1m2!2m1!1sHanwha+Ocean!3m6!1s0x356ecd1d7a72f7db:0x3bfe90e7d8bf93f0!8m2!3d34.8721913!4d128.6956963!15sCgxIYW53aGEgT2NlYW5aDiIMaGFud2hhIG9jZWFukgEfc2hpcGJ1aWxkaW5nX2FuZF9yZXBhaXJfY29tcGFueZoBI0NoWkRTVWhOTUc5blMwVkpRMEZuVFVSUmRYVkVTMWhuRUFF4AEA-gEECAAQLA!16s%2Fg%2F11swmd6_76?entry=ttu&g_ep=EgoyMDI1MTIwMi4wIKXMDSoASAFQAw%3D%3D,174000,cbm,http://www.chinashipbuild.com/shipyard.aspx?pklujyukkpp4BbcJXanmkhTk8Pl4EN,,,,,,,2028,http://www.chinashipbuild.com/shipyard.aspx?pklujyukkpp4BbcJXanmkhTk8Pl4EN,SFOC/Clarkson - May 2026,,,04-Sep-2025,http://www.chinashipbuild.com/shipyard.aspx?pklujyukkpp4BbcJXanmkhTk8Pl4EN,,,,,
1147,1148299,https://www.marinetraffic.org/ship-owner-manager-ism-data/HANWHA-OCEAN-2615/1148299/1,Hanwha Ocean Geoje 2615,http://www.chinashipbuild.com/shipyard.aspx?pklujyukkpp4BbcJXanmkhTk8Pl4EN,candidate additions from chatgpt/claude,,,Hull 2615,http://www.chinashipbuild.com/shipyard.aspx?pklujyukkpp4BbcJXanmkhTk8Pl4EN,on order,GEM,5/18/2026,http://www.chinashipbuild.com/shipyard.aspx?pklujyukkpp4BbcJXanmkhTk8Pl4EN,GasLog,http://www.chinashipbuild.com/shipyard.aspx?pklujyukkpp4BbcJXanmkhTk8Pl4EN,Greece,"https://www.gaslogltd.com/contact-us/, https://www.gaslogltd.com/content/uploads/GasLog-Ltd-2022-annual-report-form-20-F.pdf",Hanwha Ocean,http://www.chinashipbuild.com/shipyard.aspx?pklujyukkpp4BbcJXanmkhTk8Pl4EN,South Korea,https://www.hanwha.com/companies/hanwha-ocean.do,34.87385,128.6966,"VMCW+V7 Geoje-si, Gyeongsangnam-do",exact,https://www.google.com/maps/place/Hanwha+Ocean/data=!3m1!1e3!4m10!1m2!2m1!1sHanwha+Ocean!3m6!1s0x356ecd1d7a72f7db:0x3bfe90e7d8bf93f0!8m2!3d34.8721913!4d128.6956963!15sCgxIYW53aGEgT2NlYW5aDiIMaGFud2hhIG9jZWFukgEfc2hpcGJ1aWxkaW5nX2FuZF9yZXBhaXJfY29tcGFueZoBI0NoWkRTVWhOTUc5blMwVkpRMEZuVFVSUmRYVkVTMWhuRUFF4AEA-gEECAAQLA!16s%2Fg%2F11swmd6_76?entry=ttu&g_ep=EgoyMDI1MTIwMi4wIKXMDSoASAFQAw%3D%3D,174000,cbm,http://www.chinashipbuild.com/shipyard.aspx?pklujyukkpp4BbcJXanmkhTk8Pl4EN,,,,,,,2028,http://www.chinashipbuild.com/shipyard.aspx?pklujyukkpp4BbcJXanmkhTk8Pl4EN,SFOC/Clarkson - May 2026,,,30-Sep-2025,http://www.chinashipbuild.com/shipyard.aspx?pklujyukkpp4BbcJXanmkhTk8Pl4EN,,,,,
1148,1157109,https://www.marinetraffic.org/ship-owner-manager-ism-data/HD-HYUNDAI-SAMHO-8340/1157109/1,HD Hyundai Samho Yeongam H8340,http://www.chinashipbuild.com/shipyard.aspx?pklujyukkpp4BbccCanmkhTk8Pl4EN,candidate additions from chatgpt/claude,,,Hull H8340,http://www.chinashipbuild.com/shipyard.aspx?pklujyukkpp4BbccCanmkhTk8Pl4EN,on order,GEM,5/18/2026,"http://www.chinashipbuild.com/shipyard.aspx?pklujyukkpp4BbccCanmkhTk8Pl4EN, https://lngprime.com/asia/bw-orders-lng-carrier-duo-in-south-korea/169960/, https://www.rivieramm.com/news-content-hub/news-content-hub/bw-lng-confirms-order-for-two-high-spec-lng-carriers-86931",BW LNG,"http://www.chinashipbuild.com/shipyard.aspx?pklujyukkpp4BbccCanmkhTk8Pl4EN, https://lngprime.com/asia/bw-orders-lng-carrier-duo-in-south-korea/169960/, https://www.rivieramm.com/news-content-hub/news-content-hub/bw-lng-confirms-order-for-two-high-spec-lng-carriers-86931",,,HD Hyundai Samho,"http://www.chinashipbuild.com/shipyard.aspx?pklujyukkpp4BbccCanmkhTk8Pl4EN, https://lngprime.com/asia/bw-orders-lng-carrier-duo-in-south-korea/169960/, https://www.rivieramm.com/news-content-hub/news-content-hub/bw-lng-confirms-order-for-two-high-spec-lng-carriers-86931",South Korea,https://www.hshi.co.kr/eng/,34.75031,126.3875,"Q92P+7M Yeongam-gun, Jeollanam-do",exact,https://www.google.com/maps/place/Hyundai+Samho+Heavy+Industries+Entrance/data=!3m1!1e3!4m10!1m2!2m1!1sHyundai+Samho+Heavy+Industries!3m6!1s0x3573a4568dfe21d7:0x865a025eb9b373b5!8m2!3d34.75066!4d126.386691!15sCh5IeXVuZGFpIFNhbWhvIEhlYXZ5IEluZHVzdHJpZXOSAQhidXNfc3RvcOABAA!16s%2Fg%2F11b77sqk26?entry=ttu&g_ep=EgoyMDI1MTIwMi4wIKXMDSoASAFQAw%3D%3D,177000,cbm,"https://lngprime.com/asia/bw-orders-lng-carrier-duo-in-south-korea/169960/, https://www.rivieramm.com/news-content-hub/news-content-hub/bw-lng-confirms-order-for-two-high-spec-lng-carriers-86931",membrane,https://en.portnews.ru/news/391499/,conventional,http://www.chinashipbuild.com/shipyard.aspx?pklujyukkpp4BbccCanmkhTk8Pl4EN,X-DF,"https://lngprime.com/asia/bw-orders-lng-carrier-duo-in-south-korea/169960/, https://www.rivieramm.com/news-content-hub/news-content-hub/bw-lng-confirms-order-for-two-high-spec-lng-carriers-86931",2028,"http://www.chinashipbuild.com/shipyard.aspx?pklujyukkpp4BbccCanmkhTk8Pl4EN, https://lngprime.com/asia/bw-orders-lng-carrier-duo-in-south-korea/169960/, https://www.rivieramm.com/news-content-hub/news-content-hub/bw-lng-confirms-order-for-two-high-spec-lng-carriers-86931",SFOC/Clarkson - May 2026,,,17-Nov-2025,"http://www.chinashipbuild.com/shipyard.aspx?pklujyukkpp4BbccCanmkhTk8Pl4EN, https://lngprime.com/asia/bw-orders-lng-carrier-duo-in-south-korea/169960/, https://www.rivieramm.com/news-content-hub/news-content-hub/bw-lng-confirms-order-for-two-high-spec-lng-carriers-86931",254,$m,https://www.rivieramm.com/news-content-hub/news-content-hub/bw-lng-confirms-order-for-two-high-spec-lng-carriers-86931,,
1149,1157111,https://www.marinetraffic.org/ship-owner-manager-ism-data/HD-HYUNDAI-SAMHO-8341/1157111/1,HD Hyundai Samho Yeongam H8341,http://www.chinashipbuild.com/shipyard.aspx?pklujyukkpp4BbccCanmkhTk8Pl4EN,candidate additions from chatgpt/claude,,,Hull H8341,http://www.chinashipbuild.com/shipyard.aspx?pklujyukkpp4BbccCanmkhTk8Pl4EN,on order,GEM,5/18/2026,"http://www.chinashipbuild.com/shipyard.aspx?pklujyukkpp4BbccCanmkhTk8Pl4EN, https://lngprime.com/asia/bw-orders-lng-carrier-duo-in-south-korea/169960/, https://www.rivieramm.com/news-content-hub/news-content-hub/bw-lng-confirms-order-for-two-high-spec-lng-carriers-86931",BW LNG,"http://www.chinashipbuild.com/shipyard.aspx?pklujyukkpp4BbccCanmkhTk8Pl4EN, https://lngprime.com/asia/bw-orders-lng-carrier-duo-in-south-korea/169960/, https://www.rivieramm.com/news-content-hub/news-content-hub/bw-lng-confirms-order-for-two-high-spec-lng-carriers-86931",,,HD Hyundai Samho,"http://www.chinashipbuild.com/shipyard.aspx?pklujyukkpp4BbccCanmkhTk8Pl4EN, https://lngprime.com/asia/bw-orders-lng-carrier-duo-in-south-korea/169960/, https://www.rivieramm.com/news-content-hub/news-content-hub/bw-lng-confirms-order-for-two-high-spec-lng-carriers-86931",South Korea,https://www.hshi.co.kr/eng/,34.75031,126.3875,"Q92P+7M Yeongam-gun, Jeollanam-do",exact,https://www.google.com/maps/place/Hyundai+Samho+Heavy+Industries+Entrance/data=!3m1!1e3!4m10!1m2!2m1!1sHyundai+Samho+Heavy+Industries!3m6!1s0x3573a4568dfe21d7:0x865a025eb9b373b5!8m2!3d34.75066!4d126.386691!15sCh5IeXVuZGFpIFNhbWhvIEhlYXZ5IEluZHVzdHJpZXOSAQhidXNfc3RvcOABAA!16s%2Fg%2F11b77sqk26?entry=ttu&g_ep=EgoyMDI1MTIwMi4wIKXMDSoASAFQAw%3D%3D,177000,cbm,"https://lngprime.com/asia/bw-orders-lng-carrier-duo-in-south-korea/169960/, https://www.rivieramm.com/news-content-hub/news-content-hub/bw-lng-confirms-order-for-two-high-spec-lng-carriers-86931",membrane,https://en.portnews.ru/news/391499/,conventional,http://www.chinashipbuild.com/shipyard.aspx?pklujyukkpp4BbccCanmkhTk8Pl4EN,X-DF,"https://lngprime.com/asia/bw-orders-lng-carrier-duo-in-south-korea/169960/, https://www.rivieramm.com/news-content-hub/news-content-hub/bw-lng-confirms-order-for-two-high-spec-lng-carriers-86931",2028,"http://www.chinashipbuild.com/shipyard.aspx?pklujyukkpp4BbccCanmkhTk8Pl4EN, https://lngprime.com/asia/bw-orders-lng-carrier-duo-in-south-korea/169960/, https://www.rivieramm.com/news-content-hub/news-content-hub/bw-lng-confirms-order-for-two-high-spec-lng-carriers-86931",SFOC/Clarkson - May 2026,,,17-Nov-2025,"http://www.chinashipbuild.com/shipyard.aspx?pklujyukkpp4BbccCanmkhTk8Pl4EN, https://lngprime.com/asia/bw-orders-lng-carrier-duo-in-south-korea/169960/, https://www.rivieramm.com/news-content-hub/news-content-hub/bw-lng-confirms-order-for-two-high-spec-lng-carriers-86931",254,$m,https://www.rivieramm.com/news-content-hub/news-content-hub/bw-lng-confirms-order-for-two-high-spec-lng-carriers-86931,,
1152,1159195,https://www.marinetraffic.org/ship-owner-manager-ism-data/HD-HYUNDAI-ULSAN-3635/1159195/1,HD Hyundai HI (HHI) Ulsan 3635,http://www.chinashipbuild.com/shipyard.aspx?pklujyukkpp4BbccbanmkhTk8Pl4EN,candidate additions from chatgpt/claude,,,Hull 3635,http://www.chinashipbuild.com/shipyard.aspx?pklujyukkpp4BbccbanmkhTk8Pl4EN,on order,GEM,5/18/2026,"http://www.chinashipbuild.com/shipyard.aspx?pklujyukkpp4BbccbanmkhTk8Pl4EN, https://splash247.com/nyk-and-ocean-yield-team-up-on-lng-carrier-quartet/, https://lngprime.com/contracts-and-tenders/nyk-ocean-yield-seal-lng-carrier-charter-deals-with-cheniere/176824/","NYK Line, Ocean Yield","http://www.chinashipbuild.com/shipyard.aspx?pklujyukkpp4BbccbanmkhTk8Pl4EN, https://splash247.com/nyk-and-ocean-yield-team-up-on-lng-carrier-quartet/, https://lngprime.com/contracts-and-tenders/nyk-ocean-yield-seal-lng-carrier-charter-deals-with-cheniere/176824/",Japan,"https://www.nyk.com/english/profile/profile/, https://en.wikipedia.org/wiki/Nippon_Yusen",HD Hyundai Heavy Industries,"http://www.chinashipbuild.com/shipyard.aspx?pklujyukkpp4BbccbanmkhTk8Pl4EN, https://splash247.com/nyk-and-ocean-yield-team-up-on-lng-carrier-quartet/, https://lngprime.com/contracts-and-tenders/nyk-ocean-yield-seal-lng-carrier-charter-deals-with-cheniere/176824/",South Korea,https://www.hd.com/en/main,35.51613,129.4383,GC8Q+M6 Ulsan,exact,https://www.google.com/maps/place/HD+Hyundai+Heavy+Industries+Ulsan+Shipyard/data=!3m1!1e3!4m10!1m2!2m1!1sHD+Hyundai!3m6!1s0x3567ce56ebbfb645:0xd94a696f9fca5d90!8m2!3d35.5167468!4d129.4380269!15sCgpIRCBIeXVuZGFpkgEIc2hpcHlhcmTgAQA!16s%2Fg%2F1tfhd8y1?entry=ttu&g_ep=EgoyMDI1MTIwMi4wIKXMDSoASAFQAw%3D%3D,200000,cbm,"http://www.chinashipbuild.com/shipyard.aspx?pklujyukkpp4BbccbanmkhTk8Pl4EN, https://splash247.com/nyk-and-ocean-yield-team-up-on-lng-carrier-quartet/, https://lngprime.com/contracts-and-tenders/nyk-ocean-yield-seal-lng-carrier-charter-deals-with-cheniere/176824/",membrane,"https://www.nyk.com/english/news/2026/20260205_01.html, https://lngprime.com/contracts-and-tenders/nyk-ocean-yield-seal-lng-carrier-charter-deals-with-cheniere/176824/",,,X-DF,"https://www.nyk.com/english/news/2026/20260205_01.html, https://lngprime.com/contracts-and-tenders/nyk-ocean-yield-seal-lng-carrier-charter-deals-with-cheniere/176824/",2028,"http://www.chinashipbuild.com/shipyard.aspx?pklujyukkpp4BbccbanmkhTk8Pl4EN, https://splash247.com/nyk-and-ocean-yield-team-up-on-lng-carrier-quartet/, https://lngprime.com/contracts-and-tenders/nyk-ocean-yield-seal-lng-carrier-charter-deals-with-cheniere/176824/",SFOC/Clarkson - May 2026,Cheniere,"https://www.nyk.com/english/news/2026/20260205_01.html, https://lngprime.com/contracts-and-tenders/nyk-ocean-yield-seal-lng-carrier-charter-deals-with-cheniere/176824/",05-Jan-2026,"http://www.chinashipbuild.com/shipyard.aspx?pklujyukkpp4BbccbanmkhTk8Pl4EN, https://splash247.com/nyk-and-ocean-yield-team-up-on-lng-carrier-quartet/, https://lngprime.com/contracts-and-tenders/nyk-ocean-yield-seal-lng-carrier-charter-deals-with-cheniere/176824/",,,,,
1153,1159200,https://www.marinetraffic.org/ship-owner-manager-ism-data/HD-HYUNDAI-ULSAN-3636/1159200/1,HD Hyundai HI (HHI) Ulsan 3636,http://www.chinashipbuild.com/shipyard.aspx?pklujyukkpp4BbccbanmkhTk8Pl4EN,candidate additions from chatgpt/claude,,,Hull 3636,http://www.chinashipbuild.com/shipyard.aspx?pklujyukkpp4BbccbanmkhTk8Pl4EN,on order,GEM,5/18/2026,"http://www.chinashipbuild.com/shipyard.aspx?pklujyukkpp4BbccbanmkhTk8Pl4EN, https://splash247.com/nyk-and-ocean-yield-team-up-on-lng-carrier-quartet/, https://lngprime.com/contracts-and-tenders/nyk-ocean-yield-seal-lng-carrier-charter-deals-with-cheniere/176824/","NYK Line, Ocean Yield","http://www.chinashipbuild.com/shipyard.aspx?pklujyukkpp4BbccbanmkhTk8Pl4EN, https://splash247.com/nyk-and-ocean-yield-team-up-on-lng-carrier-quartet/, https://lngprime.com/contracts-and-tenders/nyk-ocean-yield-seal-lng-carrier-charter-deals-with-cheniere/176824/",Japan,"https://www.nyk.com/english/profile/profile/, https://en.wikipedia.org/wiki/Nippon_Yusen",HD Hyundai Heavy Industries,"http://www.chinashipbuild.com/shipyard.aspx?pklujyukkpp4BbccbanmkhTk8Pl4EN, https://splash247.com/nyk-and-ocean-yield-team-up-on-lng-carrier-quartet/, https://lngprime.com/contracts-and-tenders/nyk-ocean-yield-seal-lng-carrier-charter-deals-with-cheniere/176824/",South Korea,https://www.hd.com/en/main,35.51613,129.4383,GC8Q+M6 Ulsan,exact,https://www.google.com/maps/place/HD+Hyundai+Heavy+Industries+Ulsan+Shipyard/data=!3m1!1e3!4m10!1m2!2m1!1sHD+Hyundai!3m6!1s0x3567ce56ebbfb645:0xd94a696f9fca5d90!8m2!3d35.5167468!4d129.4380269!15sCgpIRCBIeXVuZGFpkgEIc2hpcHlhcmTgAQA!16s%2Fg%2F1tfhd8y1?entry=ttu&g_ep=EgoyMDI1MTIwMi4wIKXMDSoASAFQAw%3D%3D,200000,cbm,"http://www.chinashipbuild.com/shipyard.aspx?pklujyukkpp4BbccbanmkhTk8Pl4EN, https://splash247.com/nyk-and-ocean-yield-team-up-on-lng-carrier-quartet/, https://lngprime.com/contracts-and-tenders/nyk-ocean-yield-seal-lng-carrier-charter-deals-with-cheniere/176824/",membrane,"https://www.nyk.com/english/news/2026/20260205_01.html, https://lngprime.com/contracts-and-tenders/nyk-ocean-yield-seal-lng-carrier-charter-deals-with-cheniere/176824/",,,X-DF,"https://www.nyk.com/english/news/2026/20260205_01.html, https://lngprime.com/contracts-and-tenders/nyk-ocean-yield-seal-lng-carrier-charter-deals-with-cheniere/176824/",2028,"http://www.chinashipbuild.com/shipyard.aspx?pklujyukkpp4BbccbanmkhTk8Pl4EN, https://splash247.com/nyk-and-ocean-yield-team-up-on-lng-carrier-quartet/, https://lngprime.com/contracts-and-tenders/nyk-ocean-yield-seal-lng-carrier-charter-deals-with-cheniere/176824/",SFOC/Clarkson - May 2026,Cheniere,"https://www.nyk.com/english/news/2026/20260205_01.html, https://lngprime.com/contracts-and-tenders/nyk-ocean-yield-seal-lng-carrier-charter-deals-with-cheniere/176824/",05-Jan-2026,"http://www.chinashipbuild.com/shipyard.aspx?pklujyukkpp4BbccbanmkhTk8Pl4EN, https://splash247.com/nyk-and-ocean-yield-team-up-on-lng-carrier-quartet/, https://lngprime.com/contracts-and-tenders/nyk-ocean-yield-seal-lng-carrier-charter-deals-with-cheniere/176824/",,,,,
1154,1159212,https://www.marinetraffic.org/ship-owner-manager-ism-data/HD-HYUNDAI-ULSAN-3637/1159212/1,HD Hyundai HI (HHI) Ulsan 3637,http://www.chinashipbuild.com/shipyard.aspx?pklujyukkpp4BbccbanmkhTk8Pl4EN,candidate additions from chatgpt/claude,,,Hull 3637,http://www.chinashipbuild.com/shipyard.aspx?pklujyukkpp4BbccbanmkhTk8Pl4EN,on order,GEM,5/18/2026,"http://www.chinashipbuild.com/shipyard.aspx?pklujyukkpp4BbccbanmkhTk8Pl4EN, https://splash247.com/nyk-and-ocean-yield-team-up-on-lng-carrier-quartet/, https://lngprime.com/contracts-and-tenders/nyk-ocean-yield-seal-lng-carrier-charter-deals-with-cheniere/176824/","NYK Line, Ocean Yield","http://www.chinashipbuild.com/shipyard.aspx?pklujyukkpp4BbccbanmkhTk8Pl4EN, https://splash247.com/nyk-and-ocean-yield-team-up-on-lng-carrier-quartet/, https://lngprime.com/contracts-and-tenders/nyk-ocean-yield-seal-lng-carrier-charter-deals-with-cheniere/176824/",Japan,"https://www.nyk.com/english/profile/profile/, https://en.wikipedia.org/wiki/Nippon_Yusen",HD Hyundai Heavy Industries,"http://www.chinashipbuild.com/shipyard.aspx?pklujyukkpp4BbccbanmkhTk8Pl4EN, https://splash247.com/nyk-and-ocean-yield-team-up-on-lng-carrier-quartet/, https://lngprime.com/contracts-and-tenders/nyk-ocean-yield-seal-lng-carrier-charter-deals-with-cheniere/176824/",South Korea,https://www.hd.com/en/main,35.51613,129.4383,GC8Q+M6 Ulsan,exact,https://www.google.com/maps/place/HD+Hyundai+Heavy+Industries+Ulsan+Shipyard/data=!3m1!1e3!4m10!1m2!2m1!1sHD+Hyundai!3m6!1s0x3567ce56ebbfb645:0xd94a696f9fca5d90!8m2!3d35.5167468!4d129.4380269!15sCgpIRCBIeXVuZGFpkgEIc2hpcHlhcmTgAQA!16s%2Fg%2F1tfhd8y1?entry=ttu&g_ep=EgoyMDI1MTIwMi4wIKXMDSoASAFQAw%3D%3D,200000,cbm,"http://www.chinashipbuild.com/shipyard.aspx?pklujyukkpp4BbccbanmkhTk8Pl4EN, https://splash247.com/nyk-and-ocean-yield-team-up-on-lng-carrier-quartet/, https://lngprime.com/contracts-and-tenders/nyk-ocean-yield-seal-lng-carrier-charter-deals-with-cheniere/176824/",membrane,"https://www.nyk.com/english/news/2026/20260205_01.html, https://lngprime.com/contracts-and-tenders/nyk-ocean-yield-seal-lng-carrier-charter-deals-with-cheniere/176824/",,,X-DF,"https://www.nyk.com/english/news/2026/20260205_01.html, https://lngprime.com/contracts-and-tenders/nyk-ocean-yield-seal-lng-carrier-charter-deals-with-cheniere/176824/",2029,"http://www.chinashipbuild.com/shipyard.aspx?pklujyukkpp4BbccbanmkhTk8Pl4EN, https://splash247.com/nyk-and-ocean-yield-team-up-on-lng-carrier-quartet/, https://lngprime.com/contracts-and-tenders/nyk-ocean-yield-seal-lng-carrier-charter-deals-with-cheniere/176824/",SFOC/Clarkson - May 2026,Cheniere,"https://www.nyk.com/english/news/2026/20260205_01.html, https://lngprime.com/contracts-and-tenders/nyk-ocean-yield-seal-lng-carrier-charter-deals-with-cheniere/176824/",05-Jan-2026,"http://www.chinashipbuild.com/shipyard.aspx?pklujyukkpp4BbccbanmkhTk8Pl4EN, https://splash247.com/nyk-and-ocean-yield-team-up-on-lng-carrier-quartet/, https://lngprime.com/contracts-and-tenders/nyk-ocean-yield-seal-lng-carrier-charter-deals-with-cheniere/176824/",,,,,
1155,1159224,https://www.marinetraffic.org/ship-owner-manager-ism-data/HD-HYUNDAI-ULSAN-3638/1159224/1,HD Hyundai HI (HHI) Ulsan 3638,http://www.chinashipbuild.com/shipyard.aspx?pklujyukkpp4BbccbanmkhTk8Pl4EN,candidate additions from chatgpt/claude,,,Hull 3638,http://www.chinashipbuild.com/shipyard.aspx?pklujyukkpp4BbccbanmkhTk8Pl4EN,on order,GEM,5/18/2026,"http://www.chinashipbuild.com/shipyard.aspx?pklujyukkpp4BbccbanmkhTk8Pl4EN, https://splash247.com/nyk-and-ocean-yield-team-up-on-lng-carrier-quartet/, https://lngprime.com/contracts-and-tenders/nyk-ocean-yield-seal-lng-carrier-charter-deals-with-cheniere/176824/","NYK Line, Ocean Yield","http://www.chinashipbuild.com/shipyard.aspx?pklujyukkpp4BbccbanmkhTk8Pl4EN, https://splash247.com/nyk-and-ocean-yield-team-up-on-lng-carrier-quartet/, https://lngprime.com/contracts-and-tenders/nyk-ocean-yield-seal-lng-carrier-charter-deals-with-cheniere/176824/",Japan,"https://www.nyk.com/english/profile/profile/, https://en.wikipedia.org/wiki/Nippon_Yusen",HD Hyundai Heavy Industries,"http://www.chinashipbuild.com/shipyard.aspx?pklujyukkpp4BbccbanmkhTk8Pl4EN, https://splash247.com/nyk-and-ocean-yield-team-up-on-lng-carrier-quartet/, https://lngprime.com/contracts-and-tenders/nyk-ocean-yield-seal-lng-carrier-charter-deals-with-cheniere/176824/",South Korea,https://www.hd.com/en/main,35.51613,129.4383,GC8Q+M6 Ulsan,exact,https://www.google.com/maps/place/HD+Hyundai+Heavy+Industries+Ulsan+Shipyard/data=!3m1!1e3!4m10!1m2!2m1!1sHD+Hyundai!3m6!1s0x3567ce56ebbfb645:0xd94a696f9fca5d90!8m2!3d35.5167468!4d129.4380269!15sCgpIRCBIeXVuZGFpkgEIc2hpcHlhcmTgAQA!16s%2Fg%2F1tfhd8y1?entry=ttu&g_ep=EgoyMDI1MTIwMi4wIKXMDSoASAFQAw%3D%3D,200000,cbm,"http://www.chinashipbuild.com/shipyard.aspx?pklujyukkpp4BbccbanmkhTk8Pl4EN, https://splash247.com/nyk-and-ocean-yield-team-up-on-lng-carrier-quartet/, https://lngprime.com/contracts-and-tenders/nyk-ocean-yield-seal-lng-carrier-charter-deals-with-cheniere/176824/",membrane,"https://www.nyk.com/english/news/2026/20260205_01.html, https://lngprime.com/contracts-and-tenders/nyk-ocean-yield-seal-lng-carrier-charter-deals-with-cheniere/176824/",,,X-DF,"https://www.nyk.com/english/news/2026/20260205_01.html, https://lngprime.com/contracts-and-tenders/nyk-ocean-yield-seal-lng-carrier-charter-deals-with-cheniere/176824/",2029,"http://www.chinashipbuild.com/shipyard.aspx?pklujyukkpp4BbccbanmkhTk8Pl4EN, https://splash247.com/nyk-and-ocean-yield-team-up-on-lng-carrier-quartet/, https://lngprime.com/contracts-and-tenders/nyk-ocean-yield-seal-lng-carrier-charter-deals-with-cheniere/176824/",SFOC/Clarkson - May 2026,Cheniere,"https://www.nyk.com/english/news/2026/20260205_01.html, https://lngprime.com/contracts-and-tenders/nyk-ocean-yield-seal-lng-carrier-charter-deals-with-cheniere/176824/",05-Jan-2026,"http://www.chinashipbuild.com/shipyard.aspx?pklujyukkpp4BbccbanmkhTk8Pl4EN, https://splash247.com/nyk-and-ocean-yield-team-up-on-lng-carrier-quartet/, https://lngprime.com/contracts-and-tenders/nyk-ocean-yield-seal-lng-carrier-charter-deals-with-cheniere/176824/",,,,,
1156,1162398,https://www.marinetraffic.org/ship-owner-manager-ism-data/SAMSUNG-2773/1162398/1,Samsung HI Geoje 2773,http://www.chinashipbuild.com/shipyard.aspx?pklujyukkpp4BbcbganmkhTk8Pl4EN,candidate additions from chatgpt/claude,,,Hull 2773,http://www.chinashipbuild.com/shipyard.aspx?pklujyukkpp4BbcbganmkhTk8Pl4EN,on order,GEM,5/18/2026,"http://www.chinashipbuild.com/shipyard.aspx?pklujyukkpp4BbcbganmkhTk8Pl4EN, https://splash247.com/purus-adds-samsung-lng-newbuilds-to-expanding-gas-fleet/, https://www.rivieramm.com/news-content-hub/news-content-hub/purus-linked-to-two-lng-carrier-order-at-samsung-heavy-industries-87266",Purus Marine,"http://www.chinashipbuild.com/shipyard.aspx?pklujyukkpp4BbcbganmkhTk8Pl4EN, https://splash247.com/purus-adds-samsung-lng-newbuilds-to-expanding-gas-fleet/, https://www.rivieramm.com/news-content-hub/news-content-hub/purus-linked-to-two-lng-carrier-order-at-samsung-heavy-industries-87266",United Kingdom,https://www.purus.com/our-services/gas,Samsung Heavy Industries,"http://www.chinashipbuild.com/shipyard.aspx?pklujyukkpp4BbcbganmkhTk8Pl4EN, https://splash247.com/purus-adds-samsung-lng-newbuilds-to-expanding-gas-fleet/, https://www.rivieramm.com/news-content-hub/news-content-hub/purus-linked-to-two-lng-carrier-order-at-samsung-heavy-industries-87266",South Korea,https://www.samsungshi.com/En/Default.aspx,34.89804,128.6045,"VJW3+QV Geoje-si, Gyeongsangnam-do",exact,https://www.google.com/maps/place/Samsung+Heavy+industries/data=!3m1!1e3!4m10!1m2!2m1!1ssamsung+heavy+industries!3m6!1s0x356ecd83691a8fb5:0xd4204e9a1bb0ef10!8m2!3d34.8969682!4d128.6046376!15sChhzYW1zdW5nIGhlYXZ5IGluZHVzdHJpZXOSAQhzaGlweWFyZOABAA!16s%2Fg%2F1tgcpry6?entry=ttu&g_ep=EgoyMDI1MTIwMi4wIKXMDSoASAFQAw%3D%3D,174000,cbm,"http://www.chinashipbuild.com/shipyard.aspx?pklujyukkpp4BbcbganmkhTk8Pl4EN, https://splash247.com/purus-adds-samsung-lng-newbuilds-to-expanding-gas-fleet/, https://www.rivieramm.com/news-content-hub/news-content-hub/purus-linked-to-two-lng-carrier-order-at-samsung-heavy-industries-87266",membrane,"https://lngprime.com/asia/gtt-scores-tank-gig-for-purus-lng-carrier-duo/173884/, https://www.gtt.fr/news/gtt-receives-order-samsung-heavy-industries-tank-design-two-new-lng-carriers-3",,,,,2028,"http://www.chinashipbuild.com/shipyard.aspx?pklujyukkpp4BbcbganmkhTk8Pl4EN, https://splash247.com/purus-adds-samsung-lng-newbuilds-to-expanding-gas-fleet/, https://www.rivieramm.com/news-content-hub/news-content-hub/purus-linked-to-two-lng-carrier-order-at-samsung-heavy-industries-87266",SFOC/Clarkson - May 2026,,,22-Dec-2025,"http://www.chinashipbuild.com/shipyard.aspx?pklujyukkpp4BbcbganmkhTk8Pl4EN, https://splash247.com/purus-adds-samsung-lng-newbuilds-to-expanding-gas-fleet/, https://www.rivieramm.com/news-content-hub/news-content-hub/purus-linked-to-two-lng-carrier-order-at-samsung-heavy-industries-87266",,,,,
1157,1162403,https://www.marinetraffic.org/ship-owner-manager-ism-data/SAMSUNG-2774/1162403/1,Samsung HI Geoje 2774,http://www.chinashipbuild.com/shipyard.aspx?pklujyukkpp4BbcbganmkhTk8Pl4EN,candidate additions from chatgpt/claude,,,Hull 2774,http://www.chinashipbuild.com/shipyard.aspx?pklujyukkpp4BbcbganmkhTk8Pl4EN,on order,GEM,5/18/2026,"http://www.chinashipbuild.com/shipyard.aspx?pklujyukkpp4BbcbganmkhTk8Pl4EN, https://splash247.com/purus-adds-samsung-lng-newbuilds-to-expanding-gas-fleet/, https://www.rivieramm.com/news-content-hub/news-content-hub/purus-linked-to-two-lng-carrier-order-at-samsung-heavy-industries-87266",Purus Marine,"http://www.chinashipbuild.com/shipyard.aspx?pklujyukkpp4BbcbganmkhTk8Pl4EN, https://splash247.com/purus-adds-samsung-lng-newbuilds-to-expanding-gas-fleet/, https://www.rivieramm.com/news-content-hub/news-content-hub/purus-linked-to-two-lng-carrier-order-at-samsung-heavy-industries-87266",United Kingdom,https://www.purus.com/our-services/gas,Samsung Heavy Industries,"http://www.chinashipbuild.com/shipyard.aspx?pklujyukkpp4BbcbganmkhTk8Pl4EN, https://splash247.com/purus-adds-samsung-lng-newbuilds-to-expanding-gas-fleet/, https://www.rivieramm.com/news-content-hub/news-content-hub/purus-linked-to-two-lng-carrier-order-at-samsung-heavy-industries-87266",South Korea,https://www.samsungshi.com/En/Default.aspx,34.89804,128.6045,"VJW3+QV Geoje-si, Gyeongsangnam-do",exact,https://www.google.com/maps/place/Samsung+Heavy+industries/data=!3m1!1e3!4m10!1m2!2m1!1ssamsung+heavy+industries!3m6!1s0x356ecd83691a8fb5:0xd4204e9a1bb0ef10!8m2!3d34.8969682!4d128.6046376!15sChhzYW1zdW5nIGhlYXZ5IGluZHVzdHJpZXOSAQhzaGlweWFyZOABAA!16s%2Fg%2F1tgcpry6?entry=ttu&g_ep=EgoyMDI1MTIwMi4wIKXMDSoASAFQAw%3D%3D,174000,cbm,"http://www.chinashipbuild.com/shipyard.aspx?pklujyukkpp4BbcbganmkhTk8Pl4EN, https://splash247.com/purus-adds-samsung-lng-newbuilds-to-expanding-gas-fleet/, https://www.rivieramm.com/news-content-hub/news-content-hub/purus-linked-to-two-lng-carrier-order-at-samsung-heavy-industries-87266",membrane,"https://lngprime.com/asia/gtt-scores-tank-gig-for-purus-lng-carrier-duo/173884/, https://www.gtt.fr/news/gtt-receives-order-samsung-heavy-industries-tank-design-two-new-lng-carriers-3",,,,,2029,"http://www.chinashipbuild.com/shipyard.aspx?pklujyukkpp4BbcbganmkhTk8Pl4EN, https://splash247.com/purus-adds-samsung-lng-newbuilds-to-expanding-gas-fleet/, https://www.rivieramm.com/news-content-hub/news-content-hub/purus-linked-to-two-lng-carrier-order-at-samsung-heavy-industries-87266",SFOC/Clarkson - May 2026,,,22-Dec-2025,"http://www.chinashipbuild.com/shipyard.aspx?pklujyukkpp4BbcbganmkhTk8Pl4EN, https://splash247.com/purus-adds-samsung-lng-newbuilds-to-expanding-gas-fleet/, https://www.rivieramm.com/news-content-hub/news-content-hub/purus-linked-to-two-lng-carrier-order-at-samsung-heavy-industries-87266",,,,,
1158,1163665,https://www.marinetraffic.org/ship-owner-manager-ism-data/JIANGNAN-H2950/1163665/1,Jiangnan Shipyard Shanghai H2950,http://www.chinashipbuild.com/shipyard.aspx?pklujyukkpp4csFcanmkhTk8Pl4EN,candidate additions from chatgpt/claude,,,Hull H2950,http://www.chinashipbuild.com/shipyard.aspx?pklujyukkpp4csFcanmkhTk8Pl4EN,on order,GEM,5/18/2026,"http://www.chinashipbuild.com/shipyard.aspx?pklujyukkpp4csFcanmkhTk8Pl4EN, https://www.seatrade-maritime.com/shipyards/jiangnan-shipyard-wins-four-lng-carriers-chartered-to-shell, https://www.rivieramm.com/news-content-hub/news-content-hub/chinese-owner-orders-four-shell-backed-lng-carriers-at-cssc-jiangnan-87617",Minsheng Financial Leasing,"https://www.seatrade-maritime.com/shipyards/jiangnan-shipyard-wins-four-lng-carriers-chartered-to-shell, https://www.rivieramm.com/news-content-hub/news-content-hub/chinese-owner-orders-four-shell-backed-lng-carriers-at-cssc-jiangnan-87617",,,Jiangnan Shipyard,"http://www.chinashipbuild.com/shipyard.aspx?pklujyukkpp4csFcanmkhTk8Pl4EN, https://www.seatrade-maritime.com/shipyards/jiangnan-shipyard-wins-four-lng-carriers-chartered-to-shell, https://www.rivieramm.com/news-content-hub/news-content-hub/chinese-owner-orders-four-shell-backed-lng-carriers-at-cssc-jiangnan-87617",China,https://www.jnshipyard.com.cn/,31.355766,121.502217,"9G32+XJ Baoshan, Shanghai, China",exact,"https://www.google.com/maps/place/Jiangnan+Shipyard+%EF%BC%88Group%EF%BC%89+Co.,+Ltd./@31.354923,121.4990201,752m/data=!3m2!1e3!4b1!4m6!3m5!1s0x35b27324c39e47ab:0x7a74ae921f6eb2ab!8m2!3d31.354923!4d121.501595!16s%2Fg%2F11cnpghcr_?entry=ttu&g_ep=EgoyMDI1MTIwMi4wIKXMDSoASAFQAw%3D%3D",175000,cbm,"http://www.chinashipbuild.com/shipyard.aspx?pklujyukkpp4csFcanmkhTk8Pl4EN, https://www.seatrade-maritime.com/shipyards/jiangnan-shipyard-wins-four-lng-carriers-chartered-to-shell, https://www.rivieramm.com/news-content-hub/news-content-hub/chinese-owner-orders-four-shell-backed-lng-carriers-at-cssc-jiangnan-87617",membrane,"https://lngprime.com/contracts-and-tenders/gtt-scores-new-lng-tank-gig-in-china/177764/, https://www.indexbox.io/blog/gtt-wins-tank-design-order-for-four-lng-carriers-from-jiangnan-shipyard/",,,,,2028,"http://www.chinashipbuild.com/shipyard.aspx?pklujyukkpp4csFcanmkhTk8Pl4EN, https://www.seatrade-maritime.com/shipyards/jiangnan-shipyard-wins-four-lng-carriers-chartered-to-shell, https://www.rivieramm.com/news-content-hub/news-content-hub/chinese-owner-orders-four-shell-backed-lng-carriers-at-cssc-jiangnan-87617",SFOC/Clarkson - May 2026,Shandong Marine Energy,http://www.chinashipbuild.com/shipyard.aspx?pklujyukkpp4csFcanmkhTk8Pl4EN,30-Jan-2026,"http://www.chinashipbuild.com/shipyard.aspx?pklujyukkpp4csFcanmkhTk8Pl4EN, https://www.seatrade-maritime.com/shipyards/jiangnan-shipyard-wins-four-lng-carriers-chartered-to-shell, https://www.rivieramm.com/news-content-hub/news-content-hub/chinese-owner-orders-four-shell-backed-lng-carriers-at-cssc-jiangnan-87617",,,,,
1159,1163677,https://www.marinetraffic.org/ship-owner-manager-ism-data/JIANGNAN-H2951/1163677/1,Jiangnan Shipyard Shanghai H2951,http://www.chinashipbuild.com/shipyard.aspx?pklujyukkpp4csFcanmkhTk8Pl4EN,candidate additions from chatgpt/claude,,,Hull H2951,http://www.chinashipbuild.com/shipyard.aspx?pklujyukkpp4csFcanmkhTk8Pl4EN,on order,GEM,5/18/2026,"http://www.chinashipbuild.com/shipyard.aspx?pklujyukkpp4csFcanmkhTk8Pl4EN, https://www.seatrade-maritime.com/shipyards/jiangnan-shipyard-wins-four-lng-carriers-chartered-to-shell, https://www.rivieramm.com/news-content-hub/news-content-hub/chinese-owner-orders-four-shell-backed-lng-carriers-at-cssc-jiangnan-87617",Minsheng Financial Leasing,"https://www.seatrade-maritime.com/shipyards/jiangnan-shipyard-wins-four-lng-carriers-chartered-to-shell, https://www.rivieramm.com/news-content-hub/news-content-hub/chinese-owner-orders-four-shell-backed-lng-carriers-at-cssc-jiangnan-87617",,,Jiangnan Shipyard,"http://www.chinashipbuild.com/shipyard.aspx?pklujyukkpp4csFcanmkhTk8Pl4EN, https://www.seatrade-maritime.com/shipyards/jiangnan-shipyard-wins-four-lng-carriers-chartered-to-shell, https://www.rivieramm.com/news-content-hub/news-content-hub/chinese-owner-orders-four-shell-backed-lng-carriers-at-cssc-jiangnan-87617",China,https://www.jnshipyard.com.cn/,31.355766,121.502217,"9G32+XJ Baoshan, Shanghai, China",exact,"https://www.google.com/maps/place/Jiangnan+Shipyard+%EF%BC%88Group%EF%BC%89+Co.,+Ltd./@31.354923,121.4990201,752m/data=!3m2!1e3!4b1!4m6!3m5!1s0x35b27324c39e47ab:0x7a74ae921f6eb2ab!8m2!3d31.354923!4d121.501595!16s%2Fg%2F11cnpghcr_?entry=ttu&g_ep=EgoyMDI1MTIwMi4wIKXMDSoASAFQAw%3D%3D",175000,cbm,"http://www.chinashipbuild.com/shipyard.aspx?pklujyukkpp4csFcanmkhTk8Pl4EN, https://www.seatrade-maritime.com/shipyards/jiangnan-shipyard-wins-four-lng-carriers-chartered-to-shell, https://www.rivieramm.com/news-content-hub/news-content-hub/chinese-owner-orders-four-shell-backed-lng-carriers-at-cssc-jiangnan-87617",membrane,"https://lngprime.com/contracts-and-tenders/gtt-scores-new-lng-tank-gig-in-china/177764/, https://www.indexbox.io/blog/gtt-wins-tank-design-order-for-four-lng-carriers-from-jiangnan-shipyard/",,,,,2028,"http://www.chinashipbuild.com/shipyard.aspx?pklujyukkpp4csFcanmkhTk8Pl4EN, https://www.seatrade-maritime.com/shipyards/jiangnan-shipyard-wins-four-lng-carriers-chartered-to-shell, https://www.rivieramm.com/news-content-hub/news-content-hub/chinese-owner-orders-four-shell-backed-lng-carriers-at-cssc-jiangnan-87617",SFOC/Clarkson - May 2026,Shandong Marine Energy,http://www.chinashipbuild.com/shipyard.aspx?pklujyukkpp4csFcanmkhTk8Pl4EN,30-Jan-2026,"http://www.chinashipbuild.com/shipyard.aspx?pklujyukkpp4csFcanmkhTk8Pl4EN, https://www.seatrade-maritime.com/shipyards/jiangnan-shipyard-wins-four-lng-carriers-chartered-to-shell, https://www.rivieramm.com/news-content-hub/news-content-hub/chinese-owner-orders-four-shell-backed-lng-carriers-at-cssc-jiangnan-87617",,,,,
1160,1163689,https://www.marinetraffic.org/ship-owner-manager-ism-data/JIANGNAN-H2952/1163689/1,Jiangnan Shipyard Shanghai H2952,http://www.chinashipbuild.com/shipyard.aspx?pklujyukkpp4csFcanmkhTk8Pl4EN,candidate additions from chatgpt/claude,,,Hull H2952,http://www.chinashipbuild.com/shipyard.aspx?pklujyukkpp4csFcanmkhTk8Pl4EN,on order,GEM,5/18/2026,"http://www.chinashipbuild.com/shipyard.aspx?pklujyukkpp4csFcanmkhTk8Pl4EN, https://www.seatrade-maritime.com/shipyards/jiangnan-shipyard-wins-four-lng-carriers-chartered-to-shell, https://www.rivieramm.com/news-content-hub/news-content-hub/chinese-owner-orders-four-shell-backed-lng-carriers-at-cssc-jiangnan-87617",Minsheng Financial Leasing,"https://www.seatrade-maritime.com/shipyards/jiangnan-shipyard-wins-four-lng-carriers-chartered-to-shell, https://www.rivieramm.com/news-content-hub/news-content-hub/chinese-owner-orders-four-shell-backed-lng-carriers-at-cssc-jiangnan-87617",,,Jiangnan Shipyard,"http://www.chinashipbuild.com/shipyard.aspx?pklujyukkpp4csFcanmkhTk8Pl4EN, https://www.seatrade-maritime.com/shipyards/jiangnan-shipyard-wins-four-lng-carriers-chartered-to-shell, https://www.rivieramm.com/news-content-hub/news-content-hub/chinese-owner-orders-four-shell-backed-lng-carriers-at-cssc-jiangnan-87617",China,https://www.jnshipyard.com.cn/,31.355766,121.502217,"9G32+XJ Baoshan, Shanghai, China",exact,"https://www.google.com/maps/place/Jiangnan+Shipyard+%EF%BC%88Group%EF%BC%89+Co.,+Ltd./@31.354923,121.4990201,752m/data=!3m2!1e3!4b1!4m6!3m5!1s0x35b27324c39e47ab:0x7a74ae921f6eb2ab!8m2!3d31.354923!4d121.501595!16s%2Fg%2F11cnpghcr_?entry=ttu&g_ep=EgoyMDI1MTIwMi4wIKXMDSoASAFQAw%3D%3D",175000,cbm,"http://www.chinashipbuild.com/shipyard.aspx?pklujyukkpp4csFcanmkhTk8Pl4EN, https://www.seatrade-maritime.com/shipyards/jiangnan-shipyard-wins-four-lng-carriers-chartered-to-shell, https://www.rivieramm.com/news-content-hub/news-content-hub/chinese-owner-orders-four-shell-backed-lng-carriers-at-cssc-jiangnan-87617",membrane,"https://lngprime.com/contracts-and-tenders/gtt-scores-new-lng-tank-gig-in-china/177764/, https://www.indexbox.io/blog/gtt-wins-tank-design-order-for-four-lng-carriers-from-jiangnan-shipyard/",,,,,2029,"http://www.chinashipbuild.com/shipyard.aspx?pklujyukkpp4csFcanmkhTk8Pl4EN, https://www.seatrade-maritime.com/shipyards/jiangnan-shipyard-wins-four-lng-carriers-chartered-to-shell, https://www.rivieramm.com/news-content-hub/news-content-hub/chinese-owner-orders-four-shell-backed-lng-carriers-at-cssc-jiangnan-87617",SFOC/Clarkson - May 2026,Shandong Marine Energy,http://www.chinashipbuild.com/shipyard.aspx?pklujyukkpp4csFcanmkhTk8Pl4EN,30-Jan-2026,"http://www.chinashipbuild.com/shipyard.aspx?pklujyukkpp4csFcanmkhTk8Pl4EN, https://www.seatrade-maritime.com/shipyards/jiangnan-shipyard-wins-four-lng-carriers-chartered-to-shell, https://www.rivieramm.com/news-content-hub/news-content-hub/chinese-owner-orders-four-shell-backed-lng-carriers-at-cssc-jiangnan-87617",,,,,
1161,1163691,https://www.marinetraffic.org/ship-owner-manager-ism-data/JIANGNAN-H2953/1163691/1,Jiangnan Shipyard Shanghai H2953,http://www.chinashipbuild.com/shipyard.aspx?pklujyukkpp4csFcanmkhTk8Pl4EN,candidate additions from chatgpt/claude,,,Hull H2953,http://www.chinashipbuild.com/shipyard.aspx?pklujyukkpp4csFcanmkhTk8Pl4EN,on order,GEM,5/18/2026,"http://www.chinashipbuild.com/shipyard.aspx?pklujyukkpp4csFcanmkhTk8Pl4EN, https://www.seatrade-maritime.com/shipyards/jiangnan-shipyard-wins-four-lng-carriers-chartered-to-shell, https://www.rivieramm.com/news-content-hub/news-content-hub/chinese-owner-orders-four-shell-backed-lng-carriers-at-cssc-jiangnan-87617",Minsheng Financial Leasing,"https://www.seatrade-maritime.com/shipyards/jiangnan-shipyard-wins-four-lng-carriers-chartered-to-shell, https://www.rivieramm.com/news-content-hub/news-content-hub/chinese-owner-orders-four-shell-backed-lng-carriers-at-cssc-jiangnan-87617",,,Jiangnan Shipyard,"http://www.chinashipbuild.com/shipyard.aspx?pklujyukkpp4csFcanmkhTk8Pl4EN, https://www.seatrade-maritime.com/shipyards/jiangnan-shipyard-wins-four-lng-carriers-chartered-to-shell, https://www.rivieramm.com/news-content-hub/news-content-hub/chinese-owner-orders-four-shell-backed-lng-carriers-at-cssc-jiangnan-87617",China,https://www.jnshipyard.com.cn/,31.355766,121.502217,"9G32+XJ Baoshan, Shanghai, China",exact,"https://www.google.com/maps/place/Jiangnan+Shipyard+%EF%BC%88Group%EF%BC%89+Co.,+Ltd./@31.354923,121.4990201,752m/data=!3m2!1e3!4b1!4m6!3m5!1s0x35b27324c39e47ab:0x7a74ae921f6eb2ab!8m2!3d31.354923!4d121.501595!16s%2Fg%2F11cnpghcr_?entry=ttu&g_ep=EgoyMDI1MTIwMi4wIKXMDSoASAFQAw%3D%3D",175000,cbm,"http://www.chinashipbuild.com/shipyard.aspx?pklujyukkpp4csFcanmkhTk8Pl4EN, https://www.seatrade-maritime.com/shipyards/jiangnan-shipyard-wins-four-lng-carriers-chartered-to-shell, https://www.rivieramm.com/news-content-hub/news-content-hub/chinese-owner-orders-four-shell-backed-lng-carriers-at-cssc-jiangnan-87617",membrane,"https://lngprime.com/contracts-and-tenders/gtt-scores-new-lng-tank-gig-in-china/177764/, https://www.indexbox.io/blog/gtt-wins-tank-design-order-for-four-lng-carriers-from-jiangnan-shipyard/",,,,,2029,"http://www.chinashipbuild.com/shipyard.aspx?pklujyukkpp4csFcanmkhTk8Pl4EN, https://www.seatrade-maritime.com/shipyards/jiangnan-shipyard-wins-four-lng-carriers-chartered-to-shell, https://www.rivieramm.com/news-content-hub/news-content-hub/chinese-owner-orders-four-shell-backed-lng-carriers-at-cssc-jiangnan-87617",SFOC/Clarkson - May 2026,Shandong Marine Energy,http://www.chinashipbuild.com/shipyard.aspx?pklujyukkpp4csFcanmkhTk8Pl4EN,30-Jan-2026,"http://www.chinashipbuild.com/shipyard.aspx?pklujyukkpp4csFcanmkhTk8Pl4EN, https://www.seatrade-maritime.com/shipyards/jiangnan-shipyard-wins-four-lng-carriers-chartered-to-shell, https://www.rivieramm.com/news-content-hub/news-content-hub/chinese-owner-orders-four-shell-backed-lng-carriers-at-cssc-jiangnan-87617",,,,,
1164,1165584,https://www.marinetraffic.org/ship-owner-manager-ism-data/HANWHA-OCEAN-2623/1165584/1,Hanwha Ocean Geoje 2623,http://www.chinashipbuild.com/shipyard.aspx?pklujyukkpp4BbcJXanmkhTk8Pl4EN,candidate additions from chatgpt/claude,,,Hull 2623,http://www.chinashipbuild.com/shipyard.aspx?pklujyukkpp4BbcJXanmkhTk8Pl4EN,on order,GEM,5/18/2026,"http://www.chinashipbuild.com/shipyard.aspx?pklujyukkpp4BbcJXanmkhTk8Pl4EN, https://splash247.com/alpha-gas-inks-500m-lng-carrier-order-at-hanwha-ocean/, https://shippingtelegraph.com/hellenic-shipping-news/greek-shipowner-alpha-gas-confirms-order-for-lng-carrier-pair-in-korea/",Alpha Gas,"http://www.chinashipbuild.com/shipyard.aspx?pklujyukkpp4BbcJXanmkhTk8Pl4EN, https://splash247.com/alpha-gas-inks-500m-lng-carrier-order-at-hanwha-ocean/, https://shippingtelegraph.com/hellenic-shipping-news/greek-shipowner-alpha-gas-confirms-order-for-lng-carrier-pair-in-korea/",Greece,"https://lngprime.com/asia/hanwha-ocean-secures-order-for-lng-carrier-duo/175775/, https://shippingtelegraph.com/hellenic-shipping-news/greek-shipowner-alpha-gas-confirms-order-for-lng-carrier-pair-in-korea/",Hanwha Ocean,"http://www.chinashipbuild.com/shipyard.aspx?pklujyukkpp4BbcJXanmkhTk8Pl4EN, https://splash247.com/alpha-gas-inks-500m-lng-carrier-order-at-hanwha-ocean/, https://shippingtelegraph.com/hellenic-shipping-news/greek-shipowner-alpha-gas-confirms-order-for-lng-carrier-pair-in-korea/",South Korea,https://www.hanwha.com/companies/hanwha-ocean.do,34.87385,128.6966,"VMCW+V7 Geoje-si, Gyeongsangnam-do",exact,https://www.google.com/maps/place/Hanwha+Ocean/data=!3m1!1e3!4m10!1m2!2m1!1sHanwha+Ocean!3m6!1s0x356ecd1d7a72f7db:0x3bfe90e7d8bf93f0!8m2!3d34.8721913!4d128.6956963!15sCgxIYW53aGEgT2NlYW5aDiIMaGFud2hhIG9jZWFukgEfc2hpcGJ1aWxkaW5nX2FuZF9yZXBhaXJfY29tcGFueZoBI0NoWkRTVWhOTUc5blMwVkpRMEZuVFVSUmRYVkVTMWhuRUFF4AEA-gEECAAQLA!16s%2Fg%2F11swmd6_76?entry=ttu&g_ep=EgoyMDI1MTIwMi4wIKXMDSoASAFQAw%3D%3D,174000,cbm,"http://www.chinashipbuild.com/shipyard.aspx?pklujyukkpp4BbcJXanmkhTk8Pl4EN, https://splash247.com/alpha-gas-inks-500m-lng-carrier-order-at-hanwha-ocean/, https://shippingtelegraph.com/hellenic-shipping-news/greek-shipowner-alpha-gas-confirms-order-for-lng-carrier-pair-in-korea/",,,,,,,2029,"http://www.chinashipbuild.com/shipyard.aspx?pklujyukkpp4BbcJXanmkhTk8Pl4EN, https://splash247.com/alpha-gas-inks-500m-lng-carrier-order-at-hanwha-ocean/, https://shippingtelegraph.com/hellenic-shipping-news/greek-shipowner-alpha-gas-confirms-order-for-lng-carrier-pair-in-korea/",SFOC/Clarkson - May 2026,,,20-Jan-2026,"http://www.chinashipbuild.com/shipyard.aspx?pklujyukkpp4BbcJXanmkhTk8Pl4EN, https://splash247.com/alpha-gas-inks-500m-lng-carrier-order-at-hanwha-ocean/, https://shippingtelegraph.com/hellenic-shipping-news/greek-shipowner-alpha-gas-confirms-order-for-lng-carrier-pair-in-korea/",250500000,USD,https://lngprime.com/asia/hanwha-ocean-secures-order-for-lng-carrier-duo/175775/,,
1165,1165596,https://www.marinetraffic.org/ship-owner-manager-ism-data/HANWHA-OCEAN-2624/1165596/1,Hanwha Ocean Geoje 2624,http://www.chinashipbuild.com/shipyard.aspx?pklujyukkpp4BbcJXanmkhTk8Pl4EN,candidate additions from chatgpt/claude,,,Hull 2624,http://www.chinashipbuild.com/shipyard.aspx?pklujyukkpp4BbcJXanmkhTk8Pl4EN,on order,GEM,5/18/2026,"http://www.chinashipbuild.com/shipyard.aspx?pklujyukkpp4BbcJXanmkhTk8Pl4EN, https://splash247.com/alpha-gas-inks-500m-lng-carrier-order-at-hanwha-ocean/, https://shippingtelegraph.com/hellenic-shipping-news/greek-shipowner-alpha-gas-confirms-order-for-lng-carrier-pair-in-korea/",Alpha Gas,"http://www.chinashipbuild.com/shipyard.aspx?pklujyukkpp4BbcJXanmkhTk8Pl4EN, https://splash247.com/alpha-gas-inks-500m-lng-carrier-order-at-hanwha-ocean/, https://shippingtelegraph.com/hellenic-shipping-news/greek-shipowner-alpha-gas-confirms-order-for-lng-carrier-pair-in-korea/",Greece,"https://lngprime.com/asia/hanwha-ocean-secures-order-for-lng-carrier-duo/175775/, https://shippingtelegraph.com/hellenic-shipping-news/greek-shipowner-alpha-gas-confirms-order-for-lng-carrier-pair-in-korea/",Hanwha Ocean,"http://www.chinashipbuild.com/shipyard.aspx?pklujyukkpp4BbcJXanmkhTk8Pl4EN, https://splash247.com/alpha-gas-inks-500m-lng-carrier-order-at-hanwha-ocean/, https://shippingtelegraph.com/hellenic-shipping-news/greek-shipowner-alpha-gas-confirms-order-for-lng-carrier-pair-in-korea/",South Korea,https://www.hanwha.com/companies/hanwha-ocean.do,34.87385,128.6966,"VMCW+V7 Geoje-si, Gyeongsangnam-do",exact,https://www.google.com/maps/place/Hanwha+Ocean/data=!3m1!1e3!4m10!1m2!2m1!1sHanwha+Ocean!3m6!1s0x356ecd1d7a72f7db:0x3bfe90e7d8bf93f0!8m2!3d34.8721913!4d128.6956963!15sCgxIYW53aGEgT2NlYW5aDiIMaGFud2hhIG9jZWFukgEfc2hpcGJ1aWxkaW5nX2FuZF9yZXBhaXJfY29tcGFueZoBI0NoWkRTVWhOTUc5blMwVkpRMEZuVFVSUmRYVkVTMWhuRUFF4AEA-gEECAAQLA!16s%2Fg%2F11swmd6_76?entry=ttu&g_ep=EgoyMDI1MTIwMi4wIKXMDSoASAFQAw%3D%3D,174000,cbm,"http://www.chinashipbuild.com/shipyard.aspx?pklujyukkpp4BbcJXanmkhTk8Pl4EN, https://splash247.com/alpha-gas-inks-500m-lng-carrier-order-at-hanwha-ocean/, https://shippingtelegraph.com/hellenic-shipping-news/greek-shipowner-alpha-gas-confirms-order-for-lng-carrier-pair-in-korea/",,,,,,,2029,"http://www.chinashipbuild.com/shipyard.aspx?pklujyukkpp4BbcJXanmkhTk8Pl4EN, https://splash247.com/alpha-gas-inks-500m-lng-carrier-order-at-hanwha-ocean/, https://shippingtelegraph.com/hellenic-shipping-news/greek-shipowner-alpha-gas-confirms-order-for-lng-carrier-pair-in-korea/",SFOC/Clarkson - May 2026,,,20-Jan-2026,"http://www.chinashipbuild.com/shipyard.aspx?pklujyukkpp4BbcJXanmkhTk8Pl4EN, https://splash247.com/alpha-gas-inks-500m-lng-carrier-order-at-hanwha-ocean/, https://shippingtelegraph.com/hellenic-shipping-news/greek-shipowner-alpha-gas-confirms-order-for-lng-carrier-pair-in-korea/",250500000,USD,https://lngprime.com/asia/hanwha-ocean-secures-order-for-lng-carrier-duo/175775/,,
1166,1167441,https://www.marinetraffic.org/ship-owner-manager-ism-data/SAMSUNG-2777/1167441/1,Samsung HI Geoje 2777,http://www.chinashipbuild.com/shipyard.aspx?pklujyukkpp4BbcbganmkhTk8Pl4EN,candidate additions from chatgpt/claude,,,Hull 2777,http://www.chinashipbuild.com/shipyard.aspx?pklujyukkpp4BbcbganmkhTk8Pl4EN,on order,GEM,5/18/2026,"http://www.chinashipbuild.com/shipyard.aspx?pklujyukkpp4BbcbganmkhTk8Pl4EN, https://splash247.com/celsius-seals-samsung-heavy-lng-carrier-order-2/, https://lngprime.com/asia/samsung-heavy-scores-new-lng-carrier-order/178081/",Celsius Tankers,"http://www.chinashipbuild.com/shipyard.aspx?pklujyukkpp4BbcbganmkhTk8Pl4EN, https://splash247.com/celsius-seals-samsung-heavy-lng-carrier-order-2/, https://lngprime.com/asia/samsung-heavy-scores-new-lng-carrier-order/178081/",Denmark,,Samsung Heavy Industries,"http://www.chinashipbuild.com/shipyard.aspx?pklujyukkpp4BbcbganmkhTk8Pl4EN, https://splash247.com/celsius-seals-samsung-heavy-lng-carrier-order-2/, https://lngprime.com/asia/samsung-heavy-scores-new-lng-carrier-order/178081/",South Korea,https://www.samsungshi.com/En/Default.aspx,34.89804,128.6045,"VJW3+QV Geoje-si, Gyeongsangnam-do",exact,https://www.google.com/maps/place/Samsung+Heavy+industries/data=!3m1!1e3!4m10!1m2!2m1!1ssamsung+heavy+industries!3m6!1s0x356ecd83691a8fb5:0xd4204e9a1bb0ef10!8m2!3d34.8969682!4d128.6046376!15sChhzYW1zdW5nIGhlYXZ5IGluZHVzdHJpZXOSAQhzaGlweWFyZOABAA!16s%2Fg%2F1tgcpry6?entry=ttu&g_ep=EgoyMDI1MTIwMi4wIKXMDSoASAFQAw%3D%3D,180000,cbm,"http://www.chinashipbuild.com/shipyard.aspx?pklujyukkpp4BbcbganmkhTk8Pl4EN, https://splash247.com/celsius-seals-samsung-heavy-lng-carrier-order-2/, https://lngprime.com/asia/samsung-heavy-scores-new-lng-carrier-order/178081/",,,,,,,2028,"http://www.chinashipbuild.com/shipyard.aspx?pklujyukkpp4BbcbganmkhTk8Pl4EN, https://splash247.com/celsius-seals-samsung-heavy-lng-carrier-order-2/, https://lngprime.com/asia/samsung-heavy-scores-new-lng-carrier-order/178081/",SFOC/Clarkson - May 2026,,,19-Feb-2026,"http://www.chinashipbuild.com/shipyard.aspx?pklujyukkpp4BbcbganmkhTk8Pl4EN, https://splash247.com/celsius-seals-samsung-heavy-lng-carrier-order-2/, https://lngprime.com/asia/samsung-heavy-scores-new-lng-carrier-order/178081/",,,,,
1167,1169205,https://www.marinetraffic.org/ship-owner-manager-ism-data/HD-HYUNDAI-HI/1169205/1,HD Hyundai HI (HHI) Ulsan 3643,http://www.chinashipbuild.com/shipyard.aspx?pklujyukkpp4BbccbanmkhTk8Pl4EN,"candidate additions from chatgpt/claude; BL: multiple maritime news sources confirm that Greece's Tsakos Group ordered two firm LNG carriers from HD Hyundai Heavy Industries, despite official disclosures mentioning only one vessel. Reports from TradeWinds and Splash247 indicate a total agreement for two firm ships plus options, with deliveries scheduled to expand the company's fleet. For more details, visit Splash247; going with 1 vessel for now, but another could be added potentially",,,Hull 3643,http://www.chinashipbuild.com/shipyard.aspx?pklujyukkpp4BbccbanmkhTk8Pl4EN,on order,GEM,5/18/2026,"http://www.chinashipbuild.com/shipyard.aspx?pklujyukkpp4BbccbanmkhTk8Pl4EN, https://www.rivieramm.com/news-content-hub/greek-major-tsakos-tied-to-us254m-single-lng-carrier-order-87924, https://lngprime.com/asia/greeces-tsakos-orders-lng-carriers-in-south-korea/178882/",Tsakos,"http://www.chinashipbuild.com/shipyard.aspx?pklujyukkpp4BbccbanmkhTk8Pl4EN, https://www.rivieramm.com/news-content-hub/greek-major-tsakos-tied-to-us254m-single-lng-carrier-order-87924, https://lngprime.com/asia/greeces-tsakos-orders-lng-carriers-in-south-korea/178882/",Greece,"https://www.rivieramm.com/news-content-hub/greek-major-tsakos-tied-to-us254m-single-lng-carrier-order-87924, https://lngprime.com/asia/greeces-tsakos-orders-lng-carriers-in-south-korea/178882/",HD Hyundai Heavy Industries,"http://www.chinashipbuild.com/shipyard.aspx?pklujyukkpp4BbccbanmkhTk8Pl4EN, https://www.rivieramm.com/news-content-hub/greek-major-tsakos-tied-to-us254m-single-lng-carrier-order-87924, https://lngprime.com/asia/greeces-tsakos-orders-lng-carriers-in-south-korea/178882/",South Korea,https://www.hd.com/en/main,35.51613,129.4383,GC8Q+M6 Ulsan,exact,https://www.google.com/maps/place/HD+Hyundai+Heavy+Industries+Ulsan+Shipyard/data=!3m1!1e3!4m10!1m2!2m1!1sHD+Hyundai!3m6!1s0x3567ce56ebbfb645:0xd94a696f9fca5d90!8m2!3d35.5167468!4d129.4380269!15sCgpIRCBIeXVuZGFpkgEIc2hpcHlhcmTgAQA!16s%2Fg%2F1tfhd8y1?entry=ttu&g_ep=EgoyMDI1MTIwMi4wIKXMDSoASAFQAw%3D%3D,174000,cbm,"http://www.chinashipbuild.com/shipyard.aspx?pklujyukkpp4BbccbanmkhTk8Pl4EN, https://www.rivieramm.com/news-content-hub/greek-major-tsakos-tied-to-us254m-single-lng-carrier-order-87924, https://lngprime.com/asia/greeces-tsakos-orders-lng-carriers-in-south-korea/178882/",,,,,,,2028,"http://www.chinashipbuild.com/shipyard.aspx?pklujyukkpp4BbccbanmkhTk8Pl4EN, https://www.rivieramm.com/news-content-hub/greek-major-tsakos-tied-to-us254m-single-lng-carrier-order-87924, https://lngprime.com/asia/greeces-tsakos-orders-lng-carriers-in-south-korea/178882/",SFOC/Clarkson - May 2026,,,25-Feb-2026,"http://www.chinashipbuild.com/shipyard.aspx?pklujyukkpp4BbccbanmkhTk8Pl4EN, https://www.rivieramm.com/news-content-hub/greek-major-tsakos-tied-to-us254m-single-lng-carrier-order-87924, https://lngprime.com/asia/greeces-tsakos-orders-lng-carriers-in-south-korea/178882/",,USD,https://www.rivieramm.com/news-content-hub/greek-major-tsakos-tied-to-us254m-single-lng-carrier-order-87924,,
1206,,,Samsung HI Geoje (MISC FSRU),"https://www.thestar.com.my/business/business-news/2026/05/04/misc-bags-20-year-fsru-contract-from-petronas-gas, https://lngprime.com/asia/south-koreas-samsung-heavy-bags-new-order-for-lng-carrier-duo/186477/, https://www.lngindustry.com/floating-lng/18052026/gtt-to-design-fsru-tank-for-samsung-heavy-industries/","MISC entered shipbuilding contract with Samsung Heavy Industries on 04-May-2026 for one FSRU (170,000 cbm, GTT Mark III membrane). Contract value KRW 484.8bn ($330M). Will be chartered to Petronas Gas Berhad for 20 years for the planned Third Regasification Terminal (RGT 3) at Lumut, Perak, Malaysia. Delivery expected 1Q 2029. Sources: TheStar.com.my (Bursa filing 04-May-2026); LNG Prime; LNG Industry; iMarine; BusinessToday Malaysia. Capacity inferred at 170,000 cbm from GTT tank design press release.",,,,,on order,GEM,5/19/2026,"https://www.thestar.com.my/business/business-news/2026/05/04/misc-bags-20-year-fsru-contract-from-petronas-gas, https://lngprime.com/asia/south-koreas-samsung-heavy-bags-new-order-for-lng-carrier-duo/186477/, https://www.lngindustry.com/floating-lng/18052026/gtt-to-design-fsru-tank-for-samsung-heavy-industries/",MISC,"https://www.thestar.com.my/business/business-news/2026/05/04/misc-bags-20-year-fsru-contract-from-petronas-gas, https://lngprime.com/asia/south-koreas-samsung-heavy-bags-new-order-for-lng-carrier-duo/186477/, https://www.lngindustry.com/floating-lng/18052026/gtt-to-design-fsru-tank-for-samsung-heavy-industries/",Malaysia,"https://www.thestar.com.my/business/business-news/2026/05/04/misc-bags-20-year-fsru-contract-from-petronas-gas, https://lngprime.com/asia/south-koreas-samsung-heavy-bags-new-order-for-lng-carrier-duo/186477/, https://www.lngindustry.com/floating-lng/18052026/gtt-to-design-fsru-tank-for-samsung-heavy-industries/",Samsung Heavy Industries,"https://www.thestar.com.my/business/business-news/2026/05/04/misc-bags-20-year-fsru-contract-from-petronas-gas, https://lngprime.com/asia/south-koreas-samsung-heavy-bags-new-order-for-lng-carrier-duo/186477/, https://www.lngindustry.com/floating-lng/18052026/gtt-to-design-fsru-tank-for-samsung-heavy-industries/",South Korea,"https://www.thestar.com.my/business/business-news/2026/05/04/misc-bags-20-year-fsru-contract-from-petronas-gas, https://lngprime.com/asia/south-koreas-samsung-heavy-bags-new-order-for-lng-carrier-duo/186477/, https://www.lngindustry.com/floating-lng/18052026/gtt-to-design-fsru-tank-for-samsung-heavy-industries/",34.89804,128.6045,"VJW3+QV Geoje-si, Gyeongsangnam-do",exact,https://www.google.com/maps/place/Samsung+Heavy+industries/data=!3m1!1e3!4m10!1m2!2m1!1ssamsung+heavy+industries!3m6!1s0x356ecd83691a8fb5:0xd4204e9a1bb0ef10!8m2!3d34.8969682!4d128.6046376!15sChhzYW1zdW5nIGhlYXZ5IGluZHVzdHJpZXOSAQhzaGlweWFyZOABAA!16s%2Fg%2F1tgcpry6?entry=ttu&g_ep=EgoyMDI1MTIwMi4wIKXMDSoASAFQAw%3D%3D,170000,cbm,"https://www.thestar.com.my/business/business-news/2026/05/04/misc-bags-20-year-fsru-contract-from-petronas-gas, https://lngprime.com/asia/south-koreas-samsung-heavy-bags-new-order-for-lng-carrier-duo/186477/, https://www.lngindustry.com/floating-lng/18052026/gtt-to-design-fsru-tank-for-samsung-heavy-industries/",membrane,"https://www.thestar.com.my/business/business-news/2026/05/04/misc-bags-20-year-fsru-contract-from-petronas-gas, https://lngprime.com/asia/south-koreas-samsung-heavy-bags-new-order-for-lng-carrier-duo/186477/, https://www.lngindustry.com/floating-lng/18052026/gtt-to-design-fsru-tank-for-samsung-heavy-industries/, https://www.gtt.fr/news/gtt-receives-order-samsung-heavy-industries-tank-design-new-floating-storage-and",FSRU,"https://www.thestar.com.my/business/business-news/2026/05/04/misc-bags-20-year-fsru-contract-from-petronas-gas, https://www.lngindustry.com/floating-lng/18052026/gtt-to-design-fsru-tank-for-samsung-heavy-industries/",,,2029,"https://www.thestar.com.my/business/business-news/2026/05/04/misc-bags-20-year-fsru-contract-from-petronas-gas, https://lngprime.com/asia/south-koreas-samsung-heavy-bags-new-order-for-lng-carrier-duo/186477/, https://www.lngindustry.com/floating-lng/18052026/gtt-to-design-fsru-tank-for-samsung-heavy-industries/",Claude - agentic workflow new discovery - May 2026,Petronas Gas Berhad,"https://www.thestar.com.my/business/business-news/2026/05/04/misc-bags-20-year-fsru-contract-from-petronas-gas, https://lngprime.com/asia/south-koreas-samsung-heavy-bags-new-order-for-lng-carrier-duo/186477/, https://www.lngindustry.com/floating-lng/18052026/gtt-to-design-fsru-tank-for-samsung-heavy-industries/",04-May-2026,"https://www.thestar.com.my/business/business-news/2026/05/04/misc-bags-20-year-fsru-contract-from-petronas-gas, https://lngprime.com/asia/south-koreas-samsung-heavy-bags-new-order-for-lng-carrier-duo/186477/, https://www.lngindustry.com/floating-lng/18052026/gtt-to-design-fsru-tank-for-samsung-heavy-industries/",3.30E+08,USD,"https://www.thestar.com.my/business/business-news/2026/05/04/misc-bags-20-year-fsru-contract-from-petronas-gas, https://lngprime.com/asia/south-koreas-samsung-heavy-bags-new-order-for-lng-carrier-duo/186477/, https://www.lngindustry.com/floating-lng/18052026/gtt-to-design-fsru-tank-for-samsung-heavy-industries/",,
1207,,,Samsung HI Geoje (TMS Cardiff Gas 1),"https://en.sedaily.com/finance/2026/05/14/samsung-heavy-wins-545-million-order-for-two-lng-carriers, https://lngprime.com/asia/south-koreas-samsung-heavy-bags-new-order-for-lng-carrier-duo/186477/, https://www.indexbox.io/blog/tms-cardiff-gas-orders-two-lng-carriers-at-samsung-heavy-industries-for-5056m/, https://www.rivieramm.com/news-content-hub/news-content-hub/tms-cardiff-gas-linked-to-pair-of-vlgc-newbuildings-at-hd-hyundai-88710","Samsung HI disclosed contract on 14-May-2026 for 2 LNG carriers worth KRW 750.5bn ($505.6M, ~$253M each), Oceania-region buyer in DART filing. Shipbroking sources (Splash247, IndexBox) identify the buyer as Greek George-Economou-led TMS Cardiff Gas. Delivery by end of June 2029. Backend already has 4 TMS Cardiff/Samsung hulls 2754-2757 (Aug 2025); these 2 are additional. Hull numbers TBD (likely 2758, 2759 or similar in Samsung sequence).",,,,,on order,GEM,5/19/2026,"https://en.sedaily.com/finance/2026/05/14/samsung-heavy-wins-545-million-order-for-two-lng-carriers, https://lngprime.com/asia/south-koreas-samsung-heavy-bags-new-order-for-lng-carrier-duo/186477/, https://www.indexbox.io/blog/tms-cardiff-gas-orders-two-lng-carriers-at-samsung-heavy-industries-for-5056m/",TMS Cardiff Gas,"https://en.sedaily.com/finance/2026/05/14/samsung-heavy-wins-545-million-order-for-two-lng-carriers, https://lngprime.com/asia/south-koreas-samsung-heavy-bags-new-order-for-lng-carrier-duo/186477/, https://www.indexbox.io/blog/tms-cardiff-gas-orders-two-lng-carriers-at-samsung-heavy-industries-for-5056m/, https://www.rivieramm.com/news-content-hub/news-content-hub/tms-cardiff-gas-linked-to-pair-of-vlgc-newbuildings-at-hd-hyundai-88710",Greece,https://system.new-vessels.com/orderer-45411-TMS_Cardiff_Gas_Ltd.html,Samsung Heavy Industries,"https://en.sedaily.com/finance/2026/05/14/samsung-heavy-wins-545-million-order-for-two-lng-carriers, https://lngprime.com/asia/south-koreas-samsung-heavy-bags-new-order-for-lng-carrier-duo/186477/, https://www.indexbox.io/blog/tms-cardiff-gas-orders-two-lng-carriers-at-samsung-heavy-industries-for-5056m/, https://www.rivieramm.com/news-content-hub/news-content-hub/tms-cardiff-gas-linked-to-pair-of-vlgc-newbuildings-at-hd-hyundai-88710",South Korea,https://www.samsungshi.com/En/Default.aspx,34.89804,128.6045,"VJW3+QV Geoje-si, Gyeongsangnam-do",exact,https://www.google.com/maps/place/Samsung+Heavy+industries/data=!3m1!1e3!4m10!1m2!2m1!1ssamsung+heavy+industries!3m6!1s0x356ecd83691a8fb5:0xd4204e9a1bb0ef10!8m2!3d34.8969682!4d128.6046376!15sChhzYW1zdW5nIGhlYXZ5IGluZHVzdHJpZXOSAQhzaGlweWFyZOABAA!16s%2Fg%2F1tgcpry6?entry=ttu&g_ep=EgoyMDI1MTIwMi4wIKXMDSoASAFQAw%3D%3D,174000,cbm,"https://en.sedaily.com/finance/2026/05/14/samsung-heavy-wins-545-million-order-for-two-lng-carriers, https://lngprime.com/asia/south-koreas-samsung-heavy-bags-new-order-for-lng-carrier-duo/186477/, https://www.indexbox.io/blog/tms-cardiff-gas-orders-two-lng-carriers-at-samsung-heavy-industries-for-5056m/",,,,,,,2029,"https://en.sedaily.com/finance/2026/05/14/samsung-heavy-wins-545-million-order-for-two-lng-carriers, https://lngprime.com/asia/south-koreas-samsung-heavy-bags-new-order-for-lng-carrier-duo/186477/, https://www.indexbox.io/blog/tms-cardiff-gas-orders-two-lng-carriers-at-samsung-heavy-industries-for-5056m/",Claude - agentic workflow new discovery - May 2026,TMS Cardiff Gas,"https://en.sedaily.com/finance/2026/05/14/samsung-heavy-wins-545-million-order-for-two-lng-carriers, https://lngprime.com/asia/south-koreas-samsung-heavy-bags-new-order-for-lng-carrier-duo/186477/, https://www.indexbox.io/blog/tms-cardiff-gas-orders-two-lng-carriers-at-samsung-heavy-industries-for-5056m/",14-May-2026,"https://en.sedaily.com/finance/2026/05/14/samsung-heavy-wins-545-million-order-for-two-lng-carriers, https://lngprime.com/asia/south-koreas-samsung-heavy-bags-new-order-for-lng-carrier-duo/186477/, https://www.indexbox.io/blog/tms-cardiff-gas-orders-two-lng-carriers-at-samsung-heavy-industries-for-5056m/",2.53E+08,USD,"https://en.sedaily.com/finance/2026/05/14/samsung-heavy-wins-545-million-order-for-two-lng-carriers, https://lngprime.com/asia/south-koreas-samsung-heavy-bags-new-order-for-lng-carrier-duo/186477/, https://www.indexbox.io/blog/tms-cardiff-gas-orders-two-lng-carriers-at-samsung-heavy-industries-for-5056m/",,
1208,,,Samsung HI Geoje (TMS Cardiff Gas 2),"https://en.sedaily.com/finance/2026/05/14/samsung-heavy-wins-545-million-order-for-two-lng-carriers, https://lngprime.com/asia/south-koreas-samsung-heavy-bags-new-order-for-lng-carrier-duo/186477/, https://www.indexbox.io/blog/tms-cardiff-gas-orders-two-lng-carriers-at-samsung-heavy-industries-for-5056m/, https://www.rivieramm.com/news-content-hub/news-content-hub/tms-cardiff-gas-linked-to-pair-of-vlgc-newbuildings-at-hd-hyundai-88710","(Sister hull to C2-a, same cluster, same source set, same data.)",,,,,on order,GEM,5/19/2026,"https://en.sedaily.com/finance/2026/05/14/samsung-heavy-wins-545-million-order-for-two-lng-carriers, https://lngprime.com/asia/south-koreas-samsung-heavy-bags-new-order-for-lng-carrier-duo/186477/, https://www.indexbox.io/blog/tms-cardiff-gas-orders-two-lng-carriers-at-samsung-heavy-industries-for-5056m/",TMS Cardiff Gas,"https://en.sedaily.com/finance/2026/05/14/samsung-heavy-wins-545-million-order-for-two-lng-carriers, https://lngprime.com/asia/south-koreas-samsung-heavy-bags-new-order-for-lng-carrier-duo/186477/, https://www.indexbox.io/blog/tms-cardiff-gas-orders-two-lng-carriers-at-samsung-heavy-industries-for-5056m/, https://www.rivieramm.com/news-content-hub/news-content-hub/tms-cardiff-gas-linked-to-pair-of-vlgc-newbuildings-at-hd-hyundai-88710",Greece,https://system.new-vessels.com/orderer-45411-TMS_Cardiff_Gas_Ltd.html,Samsung Heavy Industries,"https://en.sedaily.com/finance/2026/05/14/samsung-heavy-wins-545-million-order-for-two-lng-carriers, https://lngprime.com/asia/south-koreas-samsung-heavy-bags-new-order-for-lng-carrier-duo/186477/, https://www.indexbox.io/blog/tms-cardiff-gas-orders-two-lng-carriers-at-samsung-heavy-industries-for-5056m/, https://www.rivieramm.com/news-content-hub/news-content-hub/tms-cardiff-gas-linked-to-pair-of-vlgc-newbuildings-at-hd-hyundai-88710",South Korea,https://www.samsungshi.com/En/Default.aspx,34.89804,128.6045,"VJW3+QV Geoje-si, Gyeongsangnam-do",exact,https://www.google.com/maps/place/Samsung+Heavy+industries/data=!3m1!1e3!4m10!1m2!2m1!1ssamsung+heavy+industries!3m6!1s0x356ecd83691a8fb5:0xd4204e9a1bb0ef10!8m2!3d34.8969682!4d128.6046376!15sChhzYW1zdW5nIGhlYXZ5IGluZHVzdHJpZXOSAQhzaGlweWFyZOABAA!16s%2Fg%2F1tgcpry6?entry=ttu&g_ep=EgoyMDI1MTIwMi4wIKXMDSoASAFQAw%3D%3D,174000,cbm,"https://en.sedaily.com/finance/2026/05/14/samsung-heavy-wins-545-million-order-for-two-lng-carriers, https://lngprime.com/asia/south-koreas-samsung-heavy-bags-new-order-for-lng-carrier-duo/186477/, https://www.indexbox.io/blog/tms-cardiff-gas-orders-two-lng-carriers-at-samsung-heavy-industries-for-5056m/",,,,,,,2029,"https://en.sedaily.com/finance/2026/05/14/samsung-heavy-wins-545-million-order-for-two-lng-carriers, https://lngprime.com/asia/south-koreas-samsung-heavy-bags-new-order-for-lng-carrier-duo/186477/, https://www.indexbox.io/blog/tms-cardiff-gas-orders-two-lng-carriers-at-samsung-heavy-industries-for-5056m/",Claude - agentic workflow new discovery - May 2026,TMS Cardiff Gas,"https://en.sedaily.com/finance/2026/05/14/samsung-heavy-wins-545-million-order-for-two-lng-carriers, https://lngprime.com/asia/south-koreas-samsung-heavy-bags-new-order-for-lng-carrier-duo/186477/, https://www.indexbox.io/blog/tms-cardiff-gas-orders-two-lng-carriers-at-samsung-heavy-industries-for-5056m/",14-May-2026,"https://en.sedaily.com/finance/2026/05/14/samsung-heavy-wins-545-million-order-for-two-lng-carriers, https://lngprime.com/asia/south-koreas-samsung-heavy-bags-new-order-for-lng-carrier-duo/186477/, https://www.indexbox.io/blog/tms-cardiff-gas-orders-two-lng-carriers-at-samsung-heavy-industries-for-5056m/",2.53E+08,USD,"https://en.sedaily.com/finance/2026/05/14/samsung-heavy-wins-545-million-order-for-two-lng-carriers, https://lngprime.com/asia/south-koreas-samsung-heavy-bags-new-order-for-lng-carrier-duo/186477/, https://www.indexbox.io/blog/tms-cardiff-gas-orders-two-lng-carriers-at-samsung-heavy-industries-for-5056m/",,
1212,,,HD Hyundai Samho Yeongam (BW LNG 1),"https://en.sedaily.com/finance/2026/05/13/hd-korea-shipbuilding-wins-2-lng-carrier-order-worth-7458, https://lngprime.com/asia/bw-orders-lng-carrier-duo-at-hd-hyundai-samho/186420/, https://splash247.com/hayfin-lines-up-lng-carrier-newbuilds-in-south-korea/","HD KSOE disclosed on 13-May-2026 a KRW 748.5bn ($508M) order for 2 LNG carriers; described as a contract with a ""North American shipping company"". Trade press (LNG Prime, Splash247, TradeWinds) attributes the order to BW LNG, the Singapore-based gas-shipping arm of Bermuda-incorporated BW Group, doubling their existing 2-ship HD Samho order from Nov 2025. These ships will reportedly feature a 3-tank design (a step beyond the 4-tank H8340/H8341 already in backend). Delivery 2H 2029 / by July 2029.",,,,,on order,GEM,5/19/2026,"https://en.sedaily.com/finance/2026/05/13/hd-korea-shipbuilding-wins-2-lng-carrier-order-worth-7458, https://lngprime.com/asia/bw-orders-lng-carrier-duo-at-hd-hyundai-samho/186420/, https://splash247.com/hayfin-lines-up-lng-carrier-newbuilds-in-south-korea/",BW LNG,"https://en.sedaily.com/finance/2026/05/13/hd-korea-shipbuilding-wins-2-lng-carrier-order-worth-7458, https://lngprime.com/asia/bw-orders-lng-carrier-duo-at-hd-hyundai-samho/186420/, https://splash247.com/hayfin-lines-up-lng-carrier-newbuilds-in-south-korea/",,,HD Hyundai Samho,"https://en.sedaily.com/finance/2026/05/13/hd-korea-shipbuilding-wins-2-lng-carrier-order-worth-7458, https://lngprime.com/asia/bw-orders-lng-carrier-duo-at-hd-hyundai-samho/186420/, https://splash247.com/hayfin-lines-up-lng-carrier-newbuilds-in-south-korea/",South Korea,https://www.hshi.co.kr/eng/,34.75031,126.3875,"Q92P+7M Yeongam-gun, Jeollanam-do",exact,https://www.google.com/maps/place/Hyundai+Samho+Heavy+Industries+Entrance/data=!3m1!1e3!4m10!1m2!2m1!1sHyundai+Samho+Heavy+Industries!3m6!1s0x3573a4568dfe21d7:0x865a025eb9b373b5!8m2!3d34.75066!4d126.386691!15sCh5IeXVuZGFpIFNhbWhvIEhlYXZ5IEluZHVzdHJpZXOSAQhidXNfc3RvcOABAA!16s%2Fg%2F11b77sqk26?entry=ttu&g_ep=EgoyMDI1MTIwMi4wIKXMDSoASAFQAw%3D%3D,174000,cbm,"https://en.sedaily.com/finance/2026/05/13/hd-korea-shipbuilding-wins-2-lng-carrier-order-worth-7458, https://lngprime.com/asia/bw-orders-lng-carrier-duo-at-hd-hyundai-samho/186420/, https://splash247.com/hayfin-lines-up-lng-carrier-newbuilds-in-south-korea/",membrane,https://en.portnews.ru/news/391499/,,,X-DF,"https://lngprime.com/asia/bw-orders-lng-carrier-duo-at-hd-hyundai-samho/186420/, https://safety4sea.com/bw-lng-orders-two-three-tank-lng-carriers-from-hd-hyundai-samho/",2029,"https://en.sedaily.com/finance/2026/05/13/hd-korea-shipbuilding-wins-2-lng-carrier-order-worth-7458, https://lngprime.com/asia/bw-orders-lng-carrier-duo-at-hd-hyundai-samho/186420/, https://splash247.com/hayfin-lines-up-lng-carrier-newbuilds-in-south-korea/",Claude - agentic workflow new discovery - May 2026,BW LNG,"https://en.sedaily.com/finance/2026/05/13/hd-korea-shipbuilding-wins-2-lng-carrier-order-worth-7458, https://lngprime.com/asia/bw-orders-lng-carrier-duo-at-hd-hyundai-samho/186420/, https://splash247.com/hayfin-lines-up-lng-carrier-newbuilds-in-south-korea/",13-May-2026,"https://en.sedaily.com/finance/2026/05/13/hd-korea-shipbuilding-wins-2-lng-carrier-order-worth-7458, https://lngprime.com/asia/bw-orders-lng-carrier-duo-at-hd-hyundai-samho/186420/, https://splash247.com/hayfin-lines-up-lng-carrier-newbuilds-in-south-korea/",2.54E+08,USD,"https://en.sedaily.com/finance/2026/05/13/hd-korea-shipbuilding-wins-2-lng-carrier-order-worth-7458, https://lngprime.com/asia/bw-orders-lng-carrier-duo-at-hd-hyundai-samho/186420/, https://splash247.com/hayfin-lines-up-lng-carrier-newbuilds-in-south-korea/",,
1213,,,HD Hyundai Samho Yeongam (BW LNG 2),"https://en.sedaily.com/finance/2026/05/13/hd-korea-shipbuilding-wins-2-lng-carrier-order-worth-7458, https://lngprime.com/asia/bw-orders-lng-carrier-duo-at-hd-hyundai-samho/186420/, https://splash247.com/hayfin-lines-up-lng-carrier-newbuilds-in-south-korea/","(Sister hull to C4-a, same cluster.)",,,,,on order,GEM,5/19/2026,"https://en.sedaily.com/finance/2026/05/13/hd-korea-shipbuilding-wins-2-lng-carrier-order-worth-7458, https://lngprime.com/asia/bw-orders-lng-carrier-duo-at-hd-hyundai-samho/186420/, https://splash247.com/hayfin-lines-up-lng-carrier-newbuilds-in-south-korea/",BW LNG,"https://en.sedaily.com/finance/2026/05/13/hd-korea-shipbuilding-wins-2-lng-carrier-order-worth-7458, https://lngprime.com/asia/bw-orders-lng-carrier-duo-at-hd-hyundai-samho/186420/, https://splash247.com/hayfin-lines-up-lng-carrier-newbuilds-in-south-korea/",,,HD Hyundai Samho,"https://en.sedaily.com/finance/2026/05/13/hd-korea-shipbuilding-wins-2-lng-carrier-order-worth-7458, https://lngprime.com/asia/bw-orders-lng-carrier-duo-at-hd-hyundai-samho/186420/, https://splash247.com/hayfin-lines-up-lng-carrier-newbuilds-in-south-korea/",South Korea,https://www.hshi.co.kr/eng/,34.75031,126.3875,"Q92P+7M Yeongam-gun, Jeollanam-do",exact,https://www.google.com/maps/place/Hyundai+Samho+Heavy+Industries+Entrance/data=!3m1!1e3!4m10!1m2!2m1!1sHyundai+Samho+Heavy+Industries!3m6!1s0x3573a4568dfe21d7:0x865a025eb9b373b5!8m2!3d34.75066!4d126.386691!15sCh5IeXVuZGFpIFNhbWhvIEhlYXZ5IEluZHVzdHJpZXOSAQhidXNfc3RvcOABAA!16s%2Fg%2F11b77sqk26?entry=ttu&g_ep=EgoyMDI1MTIwMi4wIKXMDSoASAFQAw%3D%3D,174000,cbm,"https://en.sedaily.com/finance/2026/05/13/hd-korea-shipbuilding-wins-2-lng-carrier-order-worth-7458, https://lngprime.com/asia/bw-orders-lng-carrier-duo-at-hd-hyundai-samho/186420/, https://splash247.com/hayfin-lines-up-lng-carrier-newbuilds-in-south-korea/",membrane,https://en.portnews.ru/news/391499/,,,X-DF,"https://lngprime.com/asia/bw-orders-lng-carrier-duo-at-hd-hyundai-samho/186420/, https://safety4sea.com/bw-lng-orders-two-three-tank-lng-carriers-from-hd-hyundai-samho/",2029,"https://en.sedaily.com/finance/2026/05/13/hd-korea-shipbuilding-wins-2-lng-carrier-order-worth-7458, https://lngprime.com/asia/bw-orders-lng-carrier-duo-at-hd-hyundai-samho/186420/, https://splash247.com/hayfin-lines-up-lng-carrier-newbuilds-in-south-korea/",Claude - agentic workflow new discovery - May 2026,BW LNG,"https://en.sedaily.com/finance/2026/05/13/hd-korea-shipbuilding-wins-2-lng-carrier-order-worth-7458, https://lngprime.com/asia/bw-orders-lng-carrier-duo-at-hd-hyundai-samho/186420/, https://splash247.com/hayfin-lines-up-lng-carrier-newbuilds-in-south-korea/",13-May-2026,"https://en.sedaily.com/finance/2026/05/13/hd-korea-shipbuilding-wins-2-lng-carrier-order-worth-7458, https://lngprime.com/asia/bw-orders-lng-carrier-duo-at-hd-hyundai-samho/186420/, https://splash247.com/hayfin-lines-up-lng-carrier-newbuilds-in-south-korea/",2.54E+08,USD,"https://en.sedaily.com/finance/2026/05/13/hd-korea-shipbuilding-wins-2-lng-carrier-order-worth-7458, https://lngprime.com/asia/bw-orders-lng-carrier-duo-at-hd-hyundai-samho/186420/, https://splash247.com/hayfin-lines-up-lng-carrier-newbuilds-in-south-korea/",,
1214,,,HD Hyundai HI Ulsan (Hayfin 1),"https://splash247.com/hayfin-lines-up-lng-carrier-newbuilds-in-south-korea/, https://www.indexbox.io/blog/hayfin-returns-to-lng-carrier-market-with-new-order-at-hd-hyundai/, https://lngprime.com/asia/hd-hyundai-heavy-scores-501-million-lng-carrier-order/186566/","HD KSOE disclosed on 14-May-2026 a KRW 743.9bn ($497M) order from an ""Oceania-based client"" for 2 LNG carriers at HD Hyundai Heavy Industries (Ulsan). Trade press (Splash247, IndexBox, LNG Prime, TradeWinds, Riviera) attributes to London-based alternative asset manager Hayfin Capital Management. Reports also indicate Greek owner Evalend Shipping transferred 2 LNG carrier slots at HD HHI to Hayfin for 2029 delivery — these may be the same 2 hulls or additional. Delivery by end of March 2029.",,,,,on order,GEM,5/19/2026,"https://splash247.com/hayfin-lines-up-lng-carrier-newbuilds-in-south-korea/, https://www.indexbox.io/blog/hayfin-returns-to-lng-carrier-market-with-new-order-at-hd-hyundai/, https://lngprime.com/asia/hd-hyundai-heavy-scores-501-million-lng-carrier-order/186566/",Hayfin Capital Management,"https://splash247.com/hayfin-lines-up-lng-carrier-newbuilds-in-south-korea/, https://www.indexbox.io/blog/hayfin-returns-to-lng-carrier-market-with-new-order-at-hd-hyundai/, https://lngprime.com/asia/hd-hyundai-heavy-scores-501-million-lng-carrier-order/186566/",United Kingdom,"https://www.rivieramm.com/news-content-hub/hayfin-capital-re-enters-lng-carrier-market-with-two-vessel-order-at-hd-hyundai-88768, https://www.indexbox.io/blog/hayfin-returns-to-lng-carrier-market-with-new-order-at-hd-hyundai/",HD Hyundai Heavy Industries,"https://splash247.com/hayfin-lines-up-lng-carrier-newbuilds-in-south-korea/, https://www.indexbox.io/blog/hayfin-returns-to-lng-carrier-market-with-new-order-at-hd-hyundai/, https://lngprime.com/asia/hd-hyundai-heavy-scores-501-million-lng-carrier-order/186566/",South Korea,https://www.hd.com/en/main,35.51613,129.4383,GC8Q+M6 Ulsan,exact,https://www.google.com/maps/place/HD+Hyundai+Heavy+Industries+Ulsan+Shipyard/data=!3m1!1e3!4m10!1m2!2m1!1sHD+Hyundai!3m6!1s0x3567ce56ebbfb645:0xd94a696f9fca5d90!8m2!3d35.5167468!4d129.4380269!15sCgpIRCBIeXVuZGFpkgEIc2hpcHlhcmTgAQA!16s%2Fg%2F1tfhd8y1?entry=ttu&g_ep=EgoyMDI1MTIwMi4wIKXMDSoASAFQAw%3D%3D,174000,cbm,"https://splash247.com/hayfin-lines-up-lng-carrier-newbuilds-in-south-korea/, https://www.indexbox.io/blog/hayfin-returns-to-lng-carrier-market-with-new-order-at-hd-hyundai/, https://lngprime.com/asia/hd-hyundai-heavy-scores-501-million-lng-carrier-order/186566/",,,,,,,2029,"https://splash247.com/hayfin-lines-up-lng-carrier-newbuilds-in-south-korea/, https://www.indexbox.io/blog/hayfin-returns-to-lng-carrier-market-with-new-order-at-hd-hyundai/, https://lngprime.com/asia/hd-hyundai-heavy-scores-501-million-lng-carrier-order/186566/",Claude - agentic workflow new discovery - May 2026,Hayfin,"https://splash247.com/hayfin-lines-up-lng-carrier-newbuilds-in-south-korea/, https://www.indexbox.io/blog/hayfin-returns-to-lng-carrier-market-with-new-order-at-hd-hyundai/, https://lngprime.com/asia/hd-hyundai-heavy-scores-501-million-lng-carrier-order/186566/",14-May-2026,"https://splash247.com/hayfin-lines-up-lng-carrier-newbuilds-in-south-korea/, https://www.indexbox.io/blog/hayfin-returns-to-lng-carrier-market-with-new-order-at-hd-hyundai/, https://lngprime.com/asia/hd-hyundai-heavy-scores-501-million-lng-carrier-order/186566/",2.49E+08,USD,"https://splash247.com/hayfin-lines-up-lng-carrier-newbuilds-in-south-korea/, https://www.indexbox.io/blog/hayfin-returns-to-lng-carrier-market-with-new-order-at-hd-hyundai/, https://lngprime.com/asia/hd-hyundai-heavy-scores-501-million-lng-carrier-order/186566/",,
1215,,,HD Hyundai HI Ulsan (Hayfin 2),"https://splash247.com/hayfin-lines-up-lng-carrier-newbuilds-in-south-korea/, https://www.indexbox.io/blog/hayfin-returns-to-lng-carrier-market-with-new-order-at-hd-hyundai/, https://lngprime.com/asia/hd-hyundai-heavy-scores-501-million-lng-carrier-order/186566/","(Sister hull to C5-a, same cluster.)",,,,,on order,GEM,5/19/2026,"https://splash247.com/hayfin-lines-up-lng-carrier-newbuilds-in-south-korea/, https://www.indexbox.io/blog/hayfin-returns-to-lng-carrier-market-with-new-order-at-hd-hyundai/, https://lngprime.com/asia/hd-hyundai-heavy-scores-501-million-lng-carrier-order/186566/",Hayfin Capital Management,"https://splash247.com/hayfin-lines-up-lng-carrier-newbuilds-in-south-korea/, https://www.indexbox.io/blog/hayfin-returns-to-lng-carrier-market-with-new-order-at-hd-hyundai/, https://lngprime.com/asia/hd-hyundai-heavy-scores-501-million-lng-carrier-order/186566/",United Kingdom,"https://www.rivieramm.com/news-content-hub/hayfin-capital-re-enters-lng-carrier-market-with-two-vessel-order-at-hd-hyundai-88768, https://www.indexbox.io/blog/hayfin-returns-to-lng-carrier-market-with-new-order-at-hd-hyundai/",HD Hyundai Heavy Industries,"https://splash247.com/hayfin-lines-up-lng-carrier-newbuilds-in-south-korea/, https://www.indexbox.io/blog/hayfin-returns-to-lng-carrier-market-with-new-order-at-hd-hyundai/, https://lngprime.com/asia/hd-hyundai-heavy-scores-501-million-lng-carrier-order/186566/",South Korea,https://www.hd.com/en/main,35.51613,129.4383,GC8Q+M6 Ulsan,exact,https://www.google.com/maps/place/HD+Hyundai+Heavy+Industries+Ulsan+Shipyard/data=!3m1!1e3!4m10!1m2!2m1!1sHD+Hyundai!3m6!1s0x3567ce56ebbfb645:0xd94a696f9fca5d90!8m2!3d35.5167468!4d129.4380269!15sCgpIRCBIeXVuZGFpkgEIc2hpcHlhcmTgAQA!16s%2Fg%2F1tfhd8y1?entry=ttu&g_ep=EgoyMDI1MTIwMi4wIKXMDSoASAFQAw%3D%3D,174000,cbm,"https://splash247.com/hayfin-lines-up-lng-carrier-newbuilds-in-south-korea/, https://www.indexbox.io/blog/hayfin-returns-to-lng-carrier-market-with-new-order-at-hd-hyundai/, https://lngprime.com/asia/hd-hyundai-heavy-scores-501-million-lng-carrier-order/186566/",,,,,,,2029,"https://splash247.com/hayfin-lines-up-lng-carrier-newbuilds-in-south-korea/, https://www.indexbox.io/blog/hayfin-returns-to-lng-carrier-market-with-new-order-at-hd-hyundai/, https://lngprime.com/asia/hd-hyundai-heavy-scores-501-million-lng-carrier-order/186566/",Claude - agentic workflow new discovery - May 2026,Hayfin,"https://splash247.com/hayfin-lines-up-lng-carrier-newbuilds-in-south-korea/, https://www.indexbox.io/blog/hayfin-returns-to-lng-carrier-market-with-new-order-at-hd-hyundai/, https://lngprime.com/asia/hd-hyundai-heavy-scores-501-million-lng-carrier-order/186566/",14-May-2026,"https://splash247.com/hayfin-lines-up-lng-carrier-newbuilds-in-south-korea/, https://www.indexbox.io/blog/hayfin-returns-to-lng-carrier-market-with-new-order-at-hd-hyundai/, https://lngprime.com/asia/hd-hyundai-heavy-scores-501-million-lng-carrier-order/186566/",2.49E+08,USD,"https://splash247.com/hayfin-lines-up-lng-carrier-newbuilds-in-south-korea/, https://www.indexbox.io/blog/hayfin-returns-to-lng-carrier-market-with-new-order-at-hd-hyundai/, https://lngprime.com/asia/hd-hyundai-heavy-scores-501-million-lng-carrier-order/186566/",,
1216,,,Hull CMHI-282-07,http://www.chinashipbuild.com/shipyard.aspx?pklujyukkpp4BbcgXanmkhTk8Pl4EN,,,,Hull CMHI-282-07,http://www.chinashipbuild.com/shipyard.aspx?pklujyukkpp4BbcgXanmkhTk8Pl4EN,on order,GEM,5/26/2026,http://www.chinashipbuild.com/shipyard.aspx?pklujyukkpp4BbcgXanmkhTk8Pl4EN,Celsius Shipping,"http://www.chinashipbuild.com/shipyard.aspx?pklujyukkpp4BbcgXanmkhTk8Pl4EN, https://splash247.com/celsius-boosts-lng-carrier-orderbook-at-china-merchants/",Denmark,https://lngprime.com/vessels/denmarks-celsius-orders-four-lng-carriers-in-china/69940/,China Merchants Heavy Industries,http://www.chinashipbuild.com/shipyard.aspx?pklujyukkpp4BbcgXanmkhTk8Pl4EN,China,http://www.chinashipbuild.com/shipyard.aspx?pklujyukkpp4BbcgXanmkhTk8Pl4EN,176400,cbm,"http://www.chinashipbuild.com/shipyard.aspx?pklujyukkpp4BbcgXanmkhTk8Pl4EN, https://deltamarin.com/references/lng-carrier/celsius-lngcs-cmhi/",membrane,"https://deltamarin.com/references/lng-carrier/celsius-lngcs-cmhi/, https://www.imarinenews.com/4851.html",180000,cbm,"http://www.chinashipbuild.com/shipyard.aspx?pklujyukkpp4BbcgXanmkhTk8Pl4EN, https://deltamarin.com/references/lng-carrier/celsius-lngcs-cmhi/",membrane,"https://deltamarin.com/references/lng-carrier/celsius-lngcs-cmhi/, https://www.imarinenews.com/4851.html, https://lngprime.com/vessels/denmarks-celsius-orders-four-lng-carriers-in-china/69940/",,,,,,conventional,http://www.chinashipbuild.com/shipyard.aspx?pklujyukkpp4BbcgXanmkhTk8Pl4EN,ME-GA,"https://www.offshore-energy.biz/celsius-orders-lng-carrier-quartet-at-cmhi/, https://lngprime.com/vessels/denmarks-celsius-orders-four-lng-carriers-in-china/69940/",2028,http://www.chinashipbuild.com/shipyard.aspx?pklujyukkpp4BbcgXanmkhTk8Pl4EN,Claude - agentic workflow new discovery - May 2026,Clearlake Shipping,"https://splash247.com/celsius-confirms-order-for-four-lng-carriers-at-china-merchants/, https://lngprime.com/vessels/denmarks-celsius-orders-four-lng-carriers-in-china/69940/, https://www.offshore-energy.biz/celsius-orders-lng-carrier-quartet-at-cmhi/",01-May-2024,http://www.chinashipbuild.com/shipyard.aspx?pklujyukkpp4BbcgXanmkhTk8Pl4EN
1217,,,Hull CMHI-282-08,http://www.chinashipbuild.com/shipyard.aspx?pklujyukkpp4BbcgXanmkhTk8Pl4EN,,,,Hull CMHI-282-08,http://www.chinashipbuild.com/shipyard.aspx?pklujyukkpp4BbcgXanmkhTk8Pl4EN,on order,GEM,5/26/2026,http://www.chinashipbuild.com/shipyard.aspx?pklujyukkpp4BbcgXanmkhTk8Pl4EN,Celsius Shipping,"http://www.chinashipbuild.com/shipyard.aspx?pklujyukkpp4BbcgXanmkhTk8Pl4EN, https://splash247.com/celsius-boosts-lng-carrier-orderbook-at-china-merchants/",Denmark,https://lngprime.com/vessels/denmarks-celsius-orders-four-lng-carriers-in-china/69940/,China Merchants Heavy Industries,http://www.chinashipbuild.com/shipyard.aspx?pklujyukkpp4BbcgXanmkhTk8Pl4EN,China,http://www.chinashipbuild.com/shipyard.aspx?pklujyukkpp4BbcgXanmkhTk8Pl4EN,176400,cbm,"http://www.chinashipbuild.com/shipyard.aspx?pklujyukkpp4BbcgXanmkhTk8Pl4EN, https://deltamarin.com/references/lng-carrier/celsius-lngcs-cmhi/",membrane,"https://deltamarin.com/references/lng-carrier/celsius-lngcs-cmhi/, https://www.imarinenews.com/4851.html",180000,cbm,"http://www.chinashipbuild.com/shipyard.aspx?pklujyukkpp4BbcgXanmkhTk8Pl4EN, https://deltamarin.com/references/lng-carrier/celsius-lngcs-cmhi/",membrane,"https://deltamarin.com/references/lng-carrier/celsius-lngcs-cmhi/, https://www.imarinenews.com/4851.html, https://lngprime.com/vessels/denmarks-celsius-orders-four-lng-carriers-in-china/69940/",,,,,,conventional,http://www.chinashipbuild.com/shipyard.aspx?pklujyukkpp4BbcgXanmkhTk8Pl4EN,ME-GA,"https://www.offshore-energy.biz/celsius-orders-lng-carrier-quartet-at-cmhi/, https://lngprime.com/vessels/denmarks-celsius-orders-four-lng-carriers-in-china/69940/",2028,http://www.chinashipbuild.com/shipyard.aspx?pklujyukkpp4BbcgXanmkhTk8Pl4EN,Claude - agentic workflow new discovery - May 2026,Clearlake Shipping,"https://splash247.com/celsius-confirms-order-for-four-lng-carriers-at-china-merchants/, https://lngprime.com/vessels/denmarks-celsius-orders-four-lng-carriers-in-china/69940/, https://www.offshore-energy.biz/celsius-orders-lng-carrier-quartet-at-cmhi/",01-May-2024,http://www.chinashipbuild.com/shipyard.aspx?pklujyukkpp4BbcgXanmkhTk8Pl4EN
